actor,movies
"Johnny Depp","Pirates of the Caribbean: On Stranger Tides,Pirates of the Caribbean: At World's End,Pirates of the Caribbean: Dead Man's Chest,Alice Through the Looking Glass,Black Mass,Alice in Wonderland,Sweeney Todd: The Demon Barber of Fleet Street,Public Enemies,Dark Shadows,Yoga Hosers,Transcendence,The Lone Ranger"
"Brad Pitt","Allied,Inglourious Basterds,12 Years a Slave,The Big Short,Fury,The Curious Case of Benjamin Button,World War Z,Moneyball,Megamind,The Assassination of Jesse James by the Coward Robert Ford,Babel,The Tree of Life,Ocean's Thirteen"
"Daniel Radcliffe","Harry Potter and the Deathly Hallows: Part 2,Harry Potter and the Order of the Phoenix,Victor Frankenstein,Swiss Army Man,Harry Potter and the Deathly Hallows: Part 1,Harry Potter and the Half-Blood Prince,Imperium,Horns,What If"
"Jennifer Lawrence","Passengers,X-Men: Apocalypse,The Hunger Games,X: First Class,Silver Linings Playbook,American Hustle,Joy,The Hunger Games: Mockingjay - Part 2,The Hunger Games: Catching Fire,Winter's Bone,The Hunger Games: Mockingjay - Part 1"
"Emma Watson","Harry Potter and the Deathly Hallows: Part 2,The Perks of Being a Wallflower,Harry Potter and the Order of the Phoenix,Harry Potter and the Deathly Hallows: Part 1,Harry Potter and the Half-Blood Prince,Colonia,Regression,Noah"
"Cate Blanchett","Cinderella,The Hobbit: The Battle of the Five Armies,Robin Hood,Hanna,The Curious Case of Benjamin Button,Carol,Knight of Cups,Indiana Jones and the Kingdom of the Crystal Skull,Blue Jasmine,Babel,How to Train Your Dragon 2"
"Christian Bale","The Dark Knight,The Prestige,The Promise,The Dark Knight Rises,The Big Short,American Hustle,Exodus: Gods and Kings,Public Enemies,Knight of Cups,The Fighter,Rescue Dawn,Out of the Furnace,Terminator Salvation"
"Shia LaBeouf","Transformers,American Honey,Fury,Nymphomaniac: Vol. I,Transformers: Dark of the Moon,Lawless,Transformers: Revenge of the Fallen,Eagle Eye,Indiana Jones and the Kingdom of the Crystal Skull,Man Down,Disturbia"
"Mark Wahlberg","Patriots Day,Deepwater Horizon,The Departed,Transformers: Age of Extinction,Lone Survivor,The Other Guys,Shooter,The Happening,Daddy's Home,The Lovely Bones,Ted 2,Pain & Gain,Ted,The Fighter,The Gambler"
"Samuel L. Jackson","Kingsman: The Secret Service,The Hateful Eight,Miss Peregrine's Home for Peculiar Children,Captain America: The First Avenger,Old Boy,Captain America: The Winter Soldier,Jumper,1408,Snakes on a Plane"
"Hugh Jackman","The Prestige,Prisoners,X-Men: Days of Future Past,Les Misérables,X-Men Origins: Wolverine,The Wolverine,Eddie the Eagle,Chappie,Pan,X-Men: The Last Stand,Australia,Happy Feet,The Fountain,Real Steel"
"Gerard Butler","300,Gods of Egypt,RocknRolla,The Headhunter's Calling,London Has Fallen,Olympus Has Fallen,Law Abiding Citizen,P.S. I Love You,How to Train Your Dragon,The Ugly Truth,How to Train Your Dragon 2"
"Woody Harrelson","No Country for Old Men,Now You See Me 2,Now You See Me,Zombieland,The Hunger Games: Mockingjay - Part 2,The Hunger Games: Mockingjay - Part 1,Seven Pounds,Seven Psychopaths,Out of the Furnace"
"Chris Evans","Captain America: Civil War,The Avengers,Avengers: Age of Ultron,Captain America: The First Avenger,Captain America: The Winter Soldier,Snowpiercer,Sunshine,Before We Go,What's Your Number?"
"Channing Tatum","21 Jump Street,22 Jump Street,Jupiter Ascending,Step Up,White House Down,Magic Mike,Magic Mike XXL,She's the Man,10 Years,The Book of Life,G.I. Joe: The Rise of Cobra,G.I. Joe: Retaliation"
"Charlize Theron","Prometheus,The Last Face,Mad Max: Fury Road,Kubo and the Two Strings,The Huntsman: Winter's War,Snow White and the Huntsman,A Million Ways to Die in the West,The Road,Hancock,Dark Places"
"Liam Hemsworth","Independence Day: Resurgence,The Hunger Games,The Dressmaker,The Hunger Games: Mockingjay - Part 2,The Hunger Games: Catching Fire,The Hunger Games: Mockingjay - Part 1,The Expendables 2"
"Robert Downey Jr.","Captain America: Civil War,The Avengers,Avengers: Age of Ultron,Tropic Thunder,Iron Man,Zodiac,Iron Man Three,Sherlock Holmes,Iron Man 2,Sherlock Holmes: A Game of Shadows,The Judge,Chef"
"Anne Hathaway","Colossal,Interstellar,The Dark Knight Rises,Les Misérables,The Devil Wears Prada,Alice Through the Looking Glass,Alice in Wonderland,The Intern,Love & Other Drugs,One Day,Rio,Bride Wars"
"Kristen Stewart","Personal Shopper,Twilight,Café Society,The Twilight Saga: Breaking Dawn - Part 2,Snow White and the Huntsman,Equals,The Twilight Saga: Breaking Dawn - Part 1,The Twilight Saga: Eclipse"
"Scarlett Johansson","Sing,Captain America: Civil War,The Prestige,The Avengers,Her,Captain America: The Winter Soldier,Under the Skin,Lucy,Don Jon,Chef,Vicky Cristina Barcelona,The Other Boleyn Girl"
"Tom Cruise","Jack Reacher: Never Go Back,Edge of Tomorrow,Mission: Impossible - Rogue Nation,Oblivion,Mission: Impossible - Ghost Protocol,Jack Reacher,Mission: Impossible III,Rock of Ages"
"Bradley Cooper","Guardians of the Galaxy,The Place Beyond the Pines,The Hangover,American Sniper,Silver Linings Playbook,American Hustle,Joy,Limitless,Burnt,The A-Team,The Midnight Meat Train"
"Chris Hemsworth","Avengers: Age of Ultron,Thor,Thor: The Dark World,The Huntsman: Winter's War,The Cabin in the Woods,Blackhat,Rush,In the Heart of the Sea,Snow White and the Huntsman,Red Dawn"
"Rupert Grint","Harry Potter and the Deathly Hallows: Part 2,Harry Potter and the Order of the Phoenix,Harry Potter and the Deathly Hallows: Part 1,Harry Potter and the Half-Blood Prince"
"Ian McKellen","X-Men: Days of Future Past,The Hobbit: An Unexpected Journey,The Hobbit: The Battle of the Five Armies,Stardust,The Hobbit: The Desolation of Smaug,The Da Vinci Code"
"Keira Knightley","Pirates of the Caribbean: At World's End,Pirates of the Caribbean: Dead Man's Chest,The Imitation Game,Atonement,Anna Karenina,Jack Ryan: Shadow Recruit,Begin Again"
"Michael Fassbender","Prometheus,Assassin's Creed,X-Men: Apocalypse,12 Years a Slave,The Light Between Oceans,X: First Class,Steve Jobs,Shame,Macbeth,The Counselor,Jane Eyre,Centurion"
"Seth Rogen","Sausage Party,Neighbors 2: Sorority Rising,This Is the End,Steve Jobs,The Interview,Knocked Up,Pineapple Express,Neighbors,Paul,Zack and Miri Make a Porno,50/50"
"Steve Carell","The Big Short,Crazy, Stupid, Love.,Café Society,Despicable Me,Little Miss Sunshine,Despicable Me 2,Alexander and the Terrible, Horrible, No Good, Very Bad Day"
"Martin Freeman","Hot Fuzz,The Hobbit: An Unexpected Journey,The Hobbit: The Battle of the Five Armies,The Hobbit: The Desolation of Smaug,Whiskey Tango Foxtrot,The World's End"
"James Franco","Why Him?,Rise of the Planet of the Apes,This Is the End,Oz the Great and Powerful,The Interview,Pineapple Express,127 Hours,In Dubious Battle,Your Highness"
"Anna Kendrick","Trolls,The Accountant,Mike and Dave Need Wedding Dates,Into the Woods,Pitch Perfect,Pitch Perfect 2,Mr. Right,The Hollars,50/50,Up in the Air,End of Watch"
"Chris Pine","Star Trek Beyond,Hell or High Water,Into the Woods,Star Trek,Star Trek Into Darkness,The Finest Hours,This Means War,Jack Ryan: Shadow Recruit,Unstoppable"
"Leonardo DiCaprio","Inception,The Wolf of Wall Street,The Departed,The Revenant,The Great Gatsby,Shutter Island,Django Unchained,Revolutionary Road,Blood Diamond,Body of Lies"
"Josh Hutcherson","The Hunger Games,The Hunger Games: Mockingjay - Part 2,The Hunger Games: Catching Fire,The Hunger Games: Mockingjay - Part 1,Red Dawn,Bridge to Terabithia"
"John C. Reilly","Step Brothers,Wreck-It Ralph,We Need to Talk About Kevin,The Dictator,Il racconto dei racconti - Tale of Tales,Talladega Nights: The Ballad of Ricky Bobby"
"Jake Gyllenhaal","Nocturnal Animals,Prisoners,Nightcrawler,Zodiac,Southpaw,Demolition,Enemy,Love & Other Drugs,Source Code,Prince of Persia: The Sands of Time,End of Watch"
"Liam Neeson","Silence,Battleship,Taken,Clash of the Titans,Taken 3,The A-Team,A Million Ways to Die in the West,Unknown,A Walk Among the Tombstones,Wrath of the Titans"
"Josh Brolin","No Country for Old Men,Sicario,Old Boy,Inherent Vice,Hail, Caesar!,Sin City: A Dame to Kill For,American Gangster,Men in Black 3,True Grit,Planet Terror"
"Logan Lerman","The Perks of Being a Wallflower,Fury,Percy Jackson & the Olympians: The Lightning Thief,The Three Musketeers,Percy Jackson: Sea of Monsters,Indignation"
"Matthew McConaughey","Sing,Gold,Interstellar,The Wolf of Wall Street,Kubo and the Two Strings,Dallas Buyers Club,Magic Mike,Free State of Jones,Fool's Gold,The Sea of Trees"
"Robert Pattinson","The Lost City of Z,Twilight,The Twilight Saga: Breaking Dawn - Part 2,Remember Me,The Twilight Saga: Breaking Dawn - Part 1,The Twilight Saga: Eclipse"
"Jeremy Renner","Arrival,The Avengers,Mission: Impossible - Rogue Nation,Mission: Impossible - Ghost Protocol,The Town,The Bourne Legacy,The Hurt Locker,28 Weeks Later"
"Tom Hardy","Mad Max: Fury Road,Legend,The Dark Knight Rises,The Revenant,Warrior,Bronson,The Drop,Lawless,Child 44,Tinker Tailor Soldier Spy,This Means War,Locke"
"Zac Efron","Mike and Dave Need Wedding Dates,Dirty Grandpa,Neighbors 2: Sorority Rising,Neighbors,We Are Your Friends,The Lucky One,17 Again,That Awkward Moment"
"Ryan Gosling","La La Land,The Nice Guys,The Place Beyond the Pines,The Big Short,Crazy, Stupid, Love.,Drive,Blue Valentine,All Good Things,Gangster Squad,Fracture"
"Emma Stone","La La Land,The Help,Crazy, Stupid, Love.,The Amazing Spider-Man 2,The House Bunny,Zombieland,The Amazing Spider-Man,Movie 43,Easy A,Gangster Squad"
"Ben Kingsley","The Jungle Book,Shutter Island,Collide,Exodus: Gods and Kings,Hugo,Self/less,Prince of Persia: The Sands of Time,The Dictator,Lucky Number Slevin"
"Megan Fox","Transformers,Teenage Mutant Ninja Turtles: Out of the Shadows,Jennifer's Body,Teenage Mutant Ninja Turtles,Transformers: Revenge of the Fallen"
"Matt Damon","The Great Wall,Jason Bourne,The Departed,The Martian,The Bourne Ultimatum,Elysium,The Adjustment Bureau,True Grit,Ocean's Thirteen,Contagion"
"Casey Affleck","Manchester by the Sea,Triple 9,The Finest Hours,The Assassination of Jesse James by the Coward Robert Ford,Gone Baby Gone,Out of the Furnace"
"Helena Bonham Carter","Cinderella,Alice Through the Looking Glass,Alice in Wonderland,Sweeney Todd: The Demon Barber of Fleet Street,The King's Speech,Dark Shadows"
"Chloë Grace Moretz","Kick-Ass,Neighbors 2: Sorority Rising,The Equalizer,The 5th Wave,Kick-Ass 2,Carrie,(500) Days of Summer,Let Me In,Hugo,If I Stay,Dark Places"
"Emily Blunt","The Girl on the Train,Into the Woods,Sicario,Edge of Tomorrow,The Huntsman: Winter's War,The Devil Wears Prada,Looper,The Adjustment Bureau"
"Charlotte Gainsbourg","Norman: The Moderate Rise and Tragic Fall of a New York Fixer,Nymphomaniac: Vol. I,True Crimes,Antichrist,Nymphomaniac: Vol. II,Melancholia"
"Geoffrey Rush","Pirates of the Caribbean: On Stranger Tides,Pirates of the Caribbean: At World's End,The Daughter,The King's Speech,La migliore offerta"
"Jennifer Aniston","Mother's Day,Office Christmas Party,We're the Millers,Storks,Just Go with It,The Break-Up,He's Just Not That Into You,Horrible Bosses 2"
"Will Smith","Suicide Squad,Collateral Beauty,Focus,I Am Legend,Men in Black 3,The Pursuit of Happyness,Seven Pounds,Hancock,Concussion,After Earth"
"Owen Wilson","Cars,Masterminds,Inherent Vice,Midnight in Paris,Zoolander 2,Night at the Museum: Secret of the Tomb,The Internship,Cars 2,No Escape"
"Adam Sandler","Blended,Pixels,Grown Ups 2,Just Go with It,The Do-Over,The Ridiculous 6,Grown Ups,Hotel Transylvania 2,You Don't Mess with the Zohan"
"Mila Kunis","Bad Moms,Black Swan,Jupiter Ascending,Oz the Great and Powerful,Forgetting Sarah Marshall,The Book of Eli,Ted,Friends with Benefits"
"Jesse Eisenberg","Batman v Superman: Dawn of Justice,Now You See Me 2,Now You See Me,The Social Network,Café Society,Zombieland,To Rome with Love,Rio"
"Simon Pegg","Star Trek,Hot Fuzz,Mission: Impossible - Rogue Nation,Absolutely Anything,Mission: Impossible - Ghost Protocol,Paul,The World's End"
"Will Ferrell","Step Brothers,The Lego Movie,Zoolander 2,Get Hard,The Other Guys,Daddy's Home,Megamind,Talladega Nights: The Ballad of Ricky Bobby"
"Mark Strong","Miss Sloane,Sherlock Holmes,Zero Dark Thirty,Grimsby,Green Lantern,Tinker Tailor Soldier Spy,Body of Lies,The Siege of Jadotville"
"Tom Hanks","Sully,Inferno,Cloud Atlas,Bridge of Spies,A Hologram for the King,Toy Story 3,The Da Vinci Code,Captain Phillips,Saving Mr. Banks"
"Gary Oldman","The Dark Knight Rises,Dawn of the Planet of the Apes,Criminal,The Book of Eli,Child 44,Tinker Tailor Soldier Spy,Man Down,RoboCop"
"Ralph Fiennes","Spectre,Kubo and the Two Strings,The Grand Budapest Hotel,Hail, Caesar!,Clash of the Titans,A Bigger Splash,Wrath of the Titans"
"Taylor Lautner","The Twilight Saga: Breaking Dawn - Part 2,The Ridiculous 6,The Twilight Saga: Breaking Dawn - Part 1,The Twilight Saga: Eclipse"
"Amy Adams","Arrival,Nocturnal Animals,Batman v Superman: Dawn of Justice,Her,Man of Steel,American Hustle,Enchanted,The Fighter,The Master"
"Chiwetel Ejiofor","Doctor Strange,12 Years a Slave,Children of Men,Salt,American Gangster,2012,Triple 9,Half of a Yellow Sun,Secret in Their Eyes"
"Jennifer Garner","Wakefield,Dallas Buyers Club,Juno,Alexander and the Terrible, Horrible, No Good, Very Bad Day,Miracles from Heaven,Nine Lives"
"Andrew Garfield","Hacksaw Ridge,Silence,The Amazing Spider-Man 2,The Social Network,The Amazing Spider-Man,The Imaginarium of Doctor Parnassus"
"Brendan Gleeson","Assassin's Creed,Live by Night,Edge of Tomorrow,Harry Potter and the Order of the Phoenix,In the Heart of the Sea,In Bruges"
"Rachel Weisz","The Light Between Oceans,The Lobster,Oz the Great and Powerful,Denial,Youth,The Bourne Legacy,The Lovely Bones,The Fountain"
"Dwayne Johnson","Moana,Furious Seven,Furious 6,Central Intelligence,San Andreas,Hercules,Fast Five,Pain & Gain,Faster,G.I. Joe: Retaliation"
"Jonah Hill","Sausage Party,The Wolf of Wall Street,War Dogs,Superbad,21 Jump Street,22 Jump Street,This Is the End,Moneyball,Megamind"
"Kate Beckinsale","Underworld: Blood Wars,The Disappointments Room,Absolutely Anything,Underworld Awakening,Total Recall,Love & Friendship"
"Edward Norton","Collateral Beauty,Birdman or (The Unexpected Virtue of Ignorance),The Incredible Hulk,The Bourne Legacy,The Illusionist"
"Jason Bateman","Zootopia,Office Christmas Party,Couples Retreat,The Gift,Juno,Horrible Bosses,Hancock,Horrible Bosses 2,Up in the Air"
"Ben Stiller","Tropic Thunder,Zoolander 2,The Secret Life of Walter Mitty,Night at the Museum: Secret of the Tomb,The Heartbreak Kid"
"James McAvoy","Split,X-Men: Apocalypse,X-Men: Days of Future Past,X: First Class,Victor Frankenstein,Wanted,Atonement,Filth,Trance"
"Jessica Chastain","Interstellar,Miss Sloane,The Martian,Crimson Peak,The Huntsman: Winter's War,Zero Dark Thirty,Mama,The Tree of Life"
"Denzel Washington","The Magnificent Seven,Fences,The Equalizer,American Gangster,The Book of Eli,Deja Vu,Inside Man,Unstoppable,Flight"
"Michelle Monaghan","Patriots Day,Pixels,The Best of Me,Source Code,Gone Baby Gone,The Heartbreak Kid,Eagle Eye,Mission: Impossible III"
"Natalie Portman","Thor,Thor: The Dark World,Jackie,Black Swan,Knight of Cups,No Strings Attached,The Other Boleyn Girl,Your Highness"
"Rachel McAdams","Doctor Strange,Spotlight,Sherlock Holmes,Midnight in Paris,About Time,Southpaw,Sherlock Holmes: A Game of Shadows"
"George Clooney","Tomorrowland,Hail, Caesar!,Gravity,Money Monster,Fantastic Mr. Fox,Ocean's Thirteen,Up in the Air,The Descendants"
"Chris Pratt","Guardians of the Galaxy,Passengers,The Magnificent Seven,Jurassic World,The Lego Movie,Zero Dark Thirty,10 Years"
"Jason Sudeikis","Colossal,Mother's Day,We're the Millers,Angry Birds,Horrible Bosses,Horrible Bosses 2,Sleeping with Other People"
"Richard Armitage","The Hobbit: An Unexpected Journey,The Hobbit: The Battle of the Five Armies,The Hobbit: The Desolation of Smaug"
"Kristen Wiig","Sausage Party,Ghostbusters,The Martian,Bridesmaids,Masterminds,The Secret Life of Walter Mitty,Despicable Me 2"
"Morgan Freeman","Oblivion,Wanted,London Has Fallen,Olympus Has Fallen,Lucy,Gone Baby Gone,RED,Transcendence,Lucky Number Slevin"
"Rose Byrne","Bridesmaids,Spy,Neighbors 2: Sorority Rising,Sunshine,Insidious,Neighbors,The Internship,28 Weeks Later,Annie"
"Josh Duhamel","Transformers,Safe Haven,Transformers: Dark of the Moon,Transformers: Revenge of the Fallen,Life as We Know It"
"Bill Nighy","Their Finest,Hot Fuzz,About Time,Harry Potter and the Deathly Hallows: Part 1,Underworld: Rise of the Lycans"
"Joel Edgerton","The Great Gatsby,Warrior,Black Mass,Zero Dark Thirty,Exodus: Gods and Kings,Midnight Special,Loving,The Gift"
"Zoe Saldana","Guardians of the Galaxy,Star Trek Beyond,Avatar,Star Trek Into Darkness,The Book of Life,Out of the Furnace"
"Stellan Skarsgård","Mamma Mia!,Thor: The Dark World,The Girl with the Dragon Tattoo,Nymphomaniac: Vol. I,Nymphomaniac: Vol. II"
"Milla Jovovich","Resident Evil: The Final Chapter,The Three Musketeers,Resident Evil: Retribution,Resident Evil: Afterlife"
"Joseph Gordon-Levitt","Inception,Snowden,Lincoln,Looper,Sin City: A Dame to Kill For,(500) Days of Summer,Don Jon,50/50,The Walk"
"Naomi Watts","Allegiant,The imposible,Demolition,Chuck,Adoration,Eastern Promises,Funny Games,Shut In,The Sea of Trees"
"Michael Sheen","Passengers,Norman: The Moderate Rise and Tragic Fall of a New York Fixer,Underworld: Rise of the Lycans"
"Vin Diesel","Guardians of the Galaxy,Furious Seven,Furious 6,Fast Five,The Last Witch Hunter,Fast & Furious,Riddick"
"Vincent Cassel","Jason Bourne,Black Swan,Il racconto dei racconti - Tale of Tales,Trance,It's Only the End of the World"
"Robert De Niro","The Comedian,Dirty Grandpa,Silver Linings Playbook,Joy,Limitless,The Intern,Hands of Stone,The Family"
"Alicia Vikander","Jason Bourne,The Man from U.N.C.L.E.,Ex Machina,The Light Between Oceans,The Danish Girl,Seventh Son"
"Zach Galifianakis","The Hangover,Birdman or (The Unexpected Virtue of Ignorance),Keeping Up with the Joneses,Masterminds"
"Mark Ruffalo","Avengers: Age of Ultron,Shutter Island,Now You See Me 2,Spotlight,Zodiac,Now You See Me,Begin Again"
"Meryl Streep","Mamma Mia!,Into the Woods,The Devil Wears Prada,Florence Foster Jenkins,The Giver,Fantastic Mr. Fox"
"Eddie Redmayne","Fantastic Beasts and Where to Find Them,The Danish Girl,Jupiter Ascending,The Theory of Everything"
"Daniel Craig","Casino Royale,Spectre,The Girl with the Dragon Tattoo,Skyfall,Quantum of Solace,The Golden Compass"
"Teresa Palmer","Hacksaw Ridge,Lights Out,The Choice,I Am Number Four,Point Break,Warm Bodies,Take Me Home Tonight"
"Sam Worthington","Hacksaw Ridge,Avatar,Clash of the Titans,Man on a Ledge,Terminator Salvation,Wrath of the Titans"
"Shailene Woodley","Divergent,Snowden,Allegiant,The Fault in Our Stars,Insurgent,The Spectacular Now,The Descendants"
"Ben Whishaw","The Danish Girl,In the Heart of the Sea,A Hologram for the King,Perfume: The Story of a Murderer"
"Domhnall Gleeson","Star Wars: Episode VII - The Force Awakens,Ex Machina,The Revenant,About Time,Brooklyn,Unbroken"
"Andy Serkis","Dawn of the Planet of the Apes,Rise of the Planet of the Apes,The Hobbit: An Unexpected Journey"
"Christopher Plummer","The Girl with the Dragon Tattoo,The Exception,Up,Inside Man,The Imaginarium of Doctor Parnassus"
"Willem Dafoe","The Great Wall,John Wick,John Carter,The Headhunter's Calling,Antichrist,Nymphomaniac: Vol. II"
"Javier Bardem","The Last Face,No Country for Old Men,Skyfall,The Gunman,The Counselor,Vicky Cristina Barcelona"
"Alan Rickman","Sweeney Todd: The Demon Barber of Fleet Street,Eye in the Sky,Perfume: The Story of a Murderer"
"Ryan Reynolds","Deadpool,Woman in Gold,X-Men Origins: Wolverine,Criminal,The Proposal,Green Lantern,Self/less"
"Eva Green","Miss Peregrine's Home for Peculiar Children,Casino Royale,300: Rise of an Empire,Dark Shadows"
"Sharlto Copley","Free Fire,Old Boy,Hardcore Henry,Maleficent,District 9,Chappie,Elysium,The Hollars,The A-Team"
"Colin Firth","Kingsman: The Secret Service,Devil's Knot,The King's Speech,Tinker Tailor Soldier Spy,Genius"
"Kate Winslet","Collateral Beauty,Divergent,The Dressmaker,Insurgent,Steve Jobs,Revolutionary Road,Contagion"
"Asa Butterfield","Miss Peregrine's Home for Peculiar Children,The Boy in the Striped Pyjamas,Hugo,Ender's Game"
"Will Arnett","Teenage Mutant Ninja Turtles: Out of the Shadows,The Lego Movie,Teenage Mutant Ninja Turtles"
"Tilda Swinton","Snowpiercer,The Curious Case of Benjamin Button,We Need to Talk About Kevin,A Bigger Splash"
"Rooney Mara","Lion,Her,The Girl with the Dragon Tattoo,The Social Network,Carol,Pan,The Secret Scripture"
"T.J. Miller","Deadpool,Office Christmas Party,She's Out of My League,Big Hero 6,Cloverfield,Search Party"
"Tyrese Gibson","Transformers,Transformers: Dark of the Moon,Transformers: Revenge of the Fallen,Death Race"
"Ezra Miller","The Perks of Being a Wallflower,We Need to Talk About Kevin,The Stanford Prison Experiment"
"Richard Gere","Norman: The Moderate Rise and Tragic Fall of a New York Fixer,Movie 43,Hachi: A Dog's Tale"
"Jay Baruchel","She's Out of My League,This Is the End,How to Train Your Dragon,How to Train Your Dragon 2"
"Dennis Quaid","Pandorum,What to Expect When You're Expecting,G.I. Joe: The Rise of Cobra,Footloose,Legion"
"Theo James","Underworld: Blood Wars,Divergent,Allegiant,Insurgent,War on Everyone,The Secret Scripture"
"Amanda Seyfried","Mamma Mia!,Les Misérables,In Time,Jennifer's Body,Ted 2,A Million Ways to Die in the West"
"Sylvester Stallone","Creed,The Expendables 3,The Expendables,Escape Plan,Rocky Balboa,Rambo,The Expendables 2"
"Zoey Deutch","Why Him?,Dirty Grandpa,Everybody Wants Some!!,Vincent N Roxxy,Vampire Academy,Good Kids"
"Penélope Cruz","Pirates of the Caribbean: On Stranger Tides,Zoolander 2,The Counselor,To Rome with Love"
"Ben Affleck","Batman v Superman: Dawn of Justice,Gone Girl,Live by Night,The Accountant,The Town,Argo"
"Miles Teller","War Dogs,Whiplash,Fantastic Four,Bleed for This,The Spectacular Now,That Awkward Moment"
"Russell Crowe","The Nice Guys,Les Misérables,Robin Hood,American Gangster,A Good Year,Noah,Body of Lies"
"Zachary Gordon","Diary of a Wimpy Kid,Diary of a Wimpy Kid: Dog Days,Diary of a Wimpy Kid: Rodrick Rules"
"Robert Capron","Diary of a Wimpy Kid,Diary of a Wimpy Kid: Dog Days,Diary of a Wimpy Kid: Rodrick Rules"
"Hailee Steinfeld","The Edge of Seventeen,Pitch Perfect 2,True Grit,Ender's Game,Begin Again,3 Days to Kill"
"Paul Rudd","Ant-Man,The Perks of Being a Wallflower,Forgetting Sarah Marshall,Knocked Up,This Is 40"
"Michael Caine","The Dark Knight,The Prestige,Kingsman: The Secret Service,Children of Men,Youth,Cars 2"
"Patrick Wilson","Watchmen,The Conjuring 2,A Kind of Murder,The Conjuring,Bone Tomahawk,Zipper,Insidious"
"Jamie Bell","Snowpiercer,Filth,Fantastic Four,Jumper,Nymphomaniac: Vol. II,Man on a Ledge,Jane Eyre"
"Michael Keaton","The Founder,Spotlight,Birdman or (The Unexpected Virtue of Ignorance),Minions,RoboCop"
"Jason Statham","Furious Seven,Spy,The Expendables 3,Mechanic: Resurrection,The Expendables,Death Race"
"Jude Law","Spy,Sherlock Holmes,Sherlock Holmes: A Game of Shadows,Anna Karenina,Genius,Contagion"
"Harrison Ford","The Age of Adaline,Ender's Game,Indiana Jones and the Kingdom of the Crystal Skull,42"
"Dylan Minnette","Don't Breathe,Goosebumps,Alexander and the Terrible, Horrible, No Good, Very Bad Day"
"Rosamund Pike","Gone Girl,Jack Reacher,Fracture,The World's End,A United Kingdom,Wrath of the Titans"
"Jamie Foxx","Django Unchained,The Amazing Spider-Man 2,White House Down,Law Abiding Citizen,Annie"
"Orlando Bloom","Pirates of the Caribbean: At World's End,Pirates of the Caribbean: Dead Man's Chest"
"Michael Gambon","Harry Potter and the Deathly Hallows: Part 2,Harry Potter and the Half-Blood Prince"
"Judi Dench","Miss Peregrine's Home for Peculiar Children,Casino Royale,Skyfall,Quantum of Solace"
"Jamie Dornan","Fifty Shades of Grey,Anthropoid,The 9th Life of Louis Drax,The Siege of Jadotville"
"Steve Zahn","Diary of a Wimpy Kid,Dallas Buyers Club,Rescue Dawn,Diary of a Wimpy Kid: Dog Days"
"Margot Robbie","Suicide Squad,The Wolf of Wall Street,Focus,Whiskey Tango Foxtrot,Suite Française"
"Ethan Hawke","The Magnificent Seven,Predestination,Sinister,Boyhood,Regression,The Purge,Maudie"
"Henry Cavill","Batman v Superman: Dawn of Justice,The Man from U.N.C.L.E.,Man of Steel,Immortals"
"Brandon T. Jackson","Percy Jackson & the Olympians: The Lightning Thief,Percy Jackson: Sea of Monsters"
"Rebecca Hall","The Town,The Gift,Closed Circuit,Christine,Vicky Cristina Barcelona,Transcendence"
"Cameron Diaz","The Counselor,The Other Woman,Sex Tape,What to Expect When You're Expecting,Annie"
"Rebecca Ferguson","The Girl on the Train,Mission: Impossible - Rogue Nation,Florence Foster Jenkins"
"Eric Bana","Hanna,The Finest Hours,Closed Circuit,The Secret Scripture,The Other Boleyn Girl"
"Michelle Williams","Manchester by the Sea,Oz the Great and Powerful,Blue Valentine,Suite Française"
"Ron Perlman","Tangled,Chuck,Hellboy II: The Golden Army,The Book of Life,Conan the Barbarian"
"Dev Patel","Lion,Slumdog Millionaire,Chappie,The Last Airbender,The Man Who Knew Infinity"
"Nicole Kidman","Lion,Just Go with It,Genius,Australia,The Golden Compass,Secret in Their Eyes"
"Nick Offerman","The Founder,22 Jump Street,Me and Earl and the Dying Girl,The Kings of Summer"
"Ian McShane","Pirates of the Caribbean: On Stranger Tides,Hercules,Kung Fu Panda,Death Race"
"Alison Brie","How to Be Single,The Headhunter's Calling,Get Hard,Sleeping with Other People"
"Viola Davis","Suicide Squad,Prisoners,The Help,Fences,Blackhat,Beautiful Creatures,Custody"
"Gemma Arterton","Their Finest,The Girl with All the Gifts,Prince of Persia: The Sands of Time"
"John Goodman","Patriots Day,10 Cloverfield Lane,Monsters University,Argo,The Gambler,Flight"
"Elle Fanning","Live by Night,The Neon Demon,Maleficent,20th Century Women,Ballerina,Super 8"
"Leslie Mann","The Comedian,How to Be Single,The Other Woman,Knocked Up,This Is 40,17 Again"
"Colin Farrell","The Lobster,Total Recall,Solace,In Bruges,Seven Psychopaths,Saving Mr. Banks"
"Philip Seymour Hoffman","The Hunger Games: Catching Fire,Moneyball,Mission: Impossible III,The Master"
"Kevin Costner","Hidden Figures,Criminal,Mr. Brooks,Jack Ryan: Shadow Recruit,3 Days to Kill"
"Nicholas Hoult","X-Men: Apocalypse,Mad Max: Fury Road,Collide,Warm Bodies,Equals,Dark Places"
"Ben Foster","Warcraft,Hell or High Water,Inferno,Lone Survivor,Pandorum,The Finest Hours"
"Cillian Murphy","Free Fire,In Time,Anthropoid,In the Heart of the Sea,Sunshine,Transcendence"
"Tye Sheridan","The Stanford Prison Experiment,Scouts Guide to the Zombie Apocalypse,Detour"
"Marion Cotillard","Assassin's Creed,Allied,Macbeth,A Good Year,It's Only the End of the World"
"Keanu Reeves","John Wick,The Bad Batch,The Neon Demon,Knock Knock,The Whole Truth,Exposed"
"Bryan Cranston","Wakefield,Drive,The Infiltrator,Argo,Godzilla,Kung Fu Panda 3,Total Recall"
"Paula Patton","Warcraft,Mission: Impossible - Ghost Protocol,Deja Vu,The Do-Over,Precious"
"Mia Wasikowska","Crimson Peak,Alice Through the Looking Glass,Alice in Wonderland,Jane Eyre"
"Kirsten Dunst","Spider-Man 3,Marie Antoinette,Midnight Special,All Good Things,Melancholia"
"William Fichtner","American Wrestler: The Wizard,Teenage Mutant Ninja Turtles,The Lone Ranger"
"Tommy Lee Jones","Jason Bourne,No Country for Old Men,Mechanic: Resurrection,Men in Black 3"
"Aaron Eckhart","The Dark Knight,Sully,London Has Fallen,Olympus Has Fallen,Bleed for This"
"Michelle Rodriguez","Avatar,Furious 6,Fast & Furious,Resident Evil: Retribution,The Assignment"
"Kurt Russell","Deepwater Horizon,The Hateful Eight,Death Proof,Bone Tomahawk,Grindhouse"
"Vera Farmiga","The Conjuring 2,The Conjuring,Source Code,The Judge,Orphan,Up in the Air"
"Jason Clarke","Terminator Genisys,White House Down,Everest,Trust,Lawless,Public Enemies"
"Andrew Scott","Victor Frankenstein,Denial,Handsome Devil,This Beautiful Fantastic,Locke"
"Alfred Molina","Paint It Black,Whiskey Tango Foxtrot,Prince of Persia: The Sands of Time"
"Jim Sturgess","La migliore offerta,21,One Day,The Other Boleyn Girl,Across the Universe"
"Haley Bennett","The Girl on the Train,Hardcore Henry,A Kind of Murder,Rules Don't Apply"
"Idris Elba","Zootopia,The Jungle Book,Pacific Rim,RocknRolla,The Gunman,Bastille Day"
"Alexandra Daddario","San Andreas,The Choice,Percy Jackson: Sea of Monsters,Texas Chainsaw 3D"
"Angelina Jolie","Maleficent,Wanted,Salt,Kung Fu Panda 3,Beowulf,Kung Fu Panda,Changeling"
"Jet Li","The Expendables 3,The Expendables,The Mummy: Tomb of the Dragon Emperor"
"Lucy Boynton","The Blackcoat's Daughter,I Am the Pretty Thing That Lives in the House"
"Jack Huston","Their Finest,Ben-Hur,Pride and Prejudice and Zombies,The Longest Ride"
"Anna Faris","The House Bunny,The Dictator,What's Your Number?,Take Me Home Tonight"
"Ed Oxenbould","The Visit,Alexander and the Terrible, Horrible, No Good, Very Bad Day"
"Michelle Yeoh","Mechanic: Resurrection,Sunshine,The Mummy: Tomb of the Dragon Emperor"
"Aaron Taylor-Johnson","Nocturnal Animals,Kick-Ass,Kick-Ass 2,Savages,Godzilla,Anna Karenina"
"Benedict Cumberbatch","Doctor Strange,The Imitation Game,Star Trek Into Darkness,Black Mass"
"Sigourney Weaver","A Monster Calls,Avatar,Exodus: Gods and Kings,Chappie,The Assignment"
"Emile Hirsch","The Autopsy of Jane Doe,Into the Wild,Lone Survivor,Vincent N Roxxy"
"Dustin Hoffman","Kung Fu Panda 3,Chef,Kung Fu Panda,Perfume: The Story of a Murderer"
"Lily Collins","Love, Rosie,The Mortal Instruments: City of Bones,Rules Don't Apply"
"Felicity Jones","Rogue One,A Monster Calls,Inferno,The Theory of Everything,Collide"
"Bryce Dallas Howard","Gold,Jurassic World,The Help,Pete's Dragon,Lady in the Water,50/50"
"Jeremy Irons","Assassin's Creed,High-Rise,The Man Who Knew Infinity,Inland Empire"
"Sam Claflin","Me Before You,Their Finest,Snow White and the Huntsman,Love, Rosie"
"Blake Lively","The Shallows,Café Society,The Age of Adaline,Savages,Green Lantern"
"Devon Bostick","Diary of a Wimpy Kid: Dog Days,Diary of a Wimpy Kid: Rodrick Rules"
"Andrea Riseborough","Mindhorn,Birdman or (The Unexpected Virtue of Ignorance),Oblivion"
"Oscar Isaac","Star Wars: Episode VII - The Force Awakens,The Promise,Ex Machina"
"Gabriel Basso","American Wrestler: The Wizard,The Whole Truth,The Kings of Summer"
"Aaron Paul","Triple 9,Need for Speed,Eye in the Sky,The 9th Life of Louis Drax"
"Xavier Samuel","Adoration,Love & Friendship,Mr. Church,The Twilight Saga: Eclipse"
"Dakota Johnson","Fifty Shades of Grey,How to Be Single,Black Mass,A Bigger Splash"
"Diane Kruger","Inglourious Basterds,The Host,The Infiltrator,Mr. Nobody,Unknown"
"Jeff Bridges","Hell or High Water,Iron Man,Seventh Son,The Giver,Tron,True Grit"
"Elizabeth Banks","The Lego Movie,Zack and Miri Make a Porno,Man on a Ledge,Slither"
"Jennifer Connelly","American Pastoral,He's Just Not That Into You,Blood Diamond,Noah"
"Sacha Baron Cohen","Grimsby,The Dictator,Talladega Nights: The Ballad of Ricky Bobby"
"Julianne Moore","Crazy, Stupid, Love.,Children of Men,Seventh Son,Carrie,Don Jon"
"Amy Ryan","Central Intelligence,The Infiltrator,Bridge of Spies,Changeling"
"Bob Balaban","Lady in the Water,I Am the Pretty Thing That Lives in the House"
"Zooey Deschanel","Trolls,(500) Days of Summer,The Happening,Bridge to Terabithia"
"Mary Elizabeth Winstead","10 Cloverfield Lane,Scott Pilgrim vs. the World,Swiss Army Man"
"Keri Russell","Dawn of the Planet of the Apes,Free State of Jones,August Rush"
"Tim Roth","Hardcore Henry,The Incredible Hulk,Mr. Right,Funny Games,Selma"
"Rosario Dawson","Death Proof,Seven Pounds,10 Years,Eagle Eye,Unstoppable,Trance"
"Andy Samberg","Storks,Popstar: Never Stop Never Stopping,Hotel Transylvania 2"
"Richard Jenkins","Step Brothers,Bone Tomahawk,Jack Reacher,Let Me In,The Hollars"
"Mary-Louise Parker","The Assassination of Jesse James by the Coward Robert Ford,RED"
"Laura Linney","Sully,Teenage Mutant Ninja Turtles: Out of the Shadows,Genius"
"Hugo Weaving","Captain America: The First Avenger,Cloud Atlas,The Dressmaker"
"Lior Ashkenazi","Norman: The Moderate Rise and Tragic Fall of a New York Fixer"
"Thandie Newton","RocknRolla,2012,Half of a Yellow Sun,The Pursuit of Happyness"
"Dylan O'Brien","The Maze Runner,Maze Runner: The Scorch Trials,The First Time"
"Gary Cole","Pineapple Express,Talladega Nights: The Ballad of Ricky Bobby"
"Dan Fogler","Fantastic Beasts and Where to Find Them,Take Me Home Tonight"
"Gil Birmingham","Hell or High Water,The Twilight Saga: Breaking Dawn - Part 1"
"Sienna Miller","The Lost City of Z,American Sniper,Stardust,Burnt,High-Rise"
"Michael Peña","Collateral Beauty,Fury,Shooter,War on Everyone,End of Watch"
"Jack Davenport","Pirates of the Caribbean: Dead Man's Chest,A United Kingdom"
"Alexander Skarsgård","The Legend of Tarzan,Battleship,War on Everyone,Melancholia"
"Patrick Stewart","X-Men: Days of Future Past,Green Room,X-Men: The Last Stand"
"Ciarán Hinds","There Will Be Blood,Bleed for This,Closed Circuit,In Bruges"
"Sarah Gadon","Enemy,Dracula Untold,The 9th Life of Louis Drax,Indignation"
"Noomi Rapace","Prometheus,Rupture,Män som hatar kvinnor,The Drop,Child 44"
"Zachary Quinto","Star Trek Beyond,Star Trek,Snowden,Star Trek Into Darkness"
"Tyler Perry","Gone Girl,Teenage Mutant Ninja Turtles: Out of the Shadows"
"Paul Giamatti","The Amazing Spider-Man 2,The Illusionist,Lady in the Water"
"Maria Bello","Lights Out,The Mummy: Tomb of the Dragon Emperor,Max Steel"
"Abbie Cornish","Sucker Punch,A Good Year,Limitless,Solace,Lavender,RoboCop"
"Tom Wilkinson","RocknRolla,Denial,This Beautiful Fantastic,The Lone Ranger"
"Sam Shepard","The Assassination of Jesse James by the Coward Robert Ford"
"Ali Larter","Resident Evil: The Final Chapter,Resident Evil: Afterlife"
"Charlie Day","Pacific Rim,Horrible Bosses,The Hollars,Horrible Bosses 2"
"Vince Vaughn","Into the Wild,Couples Retreat,The Break-Up,The Internship"
"Anthony Mackie","Triple 9,Pain & Gain,The Hurt Locker,Real Steel,Notorious"
"J.K. Simmons","La La Land,Patriots Day,The Accountant,Whiplash,Rock Dog"
"Edgar Ramírez","Gold,Joy,The Bourne Ultimatum,Point Break,Hands of Stone"
"Rachael Harris","Diary of a Wimpy Kid,Diary of a Wimpy Kid: Rodrick Rules"
"Lily James","Cinderella,The Exception,Pride and Prejudice and Zombies"
"Billy Crudup","Jackie,20th Century Women,The Stanford Prison Experiment"
"Kyle Chandler","Manchester by the Sea,Super 8,Carol,The Spectacular Now"
"Justin Timberlake","Trolls,In Time,The Social Network,Friends with Benefits"
"Jared Harris","The Last Face,Allied,Sherlock Holmes: A Game of Shadows"
"Britt Robertson","Tomorrowland,The Longest Ride,The First Time,Mr. Church"
"Jack Black","Tropic Thunder,Goosebumps,Kung Fu Panda 3,Kung Fu Panda"
"John Leguizamo","Ice Age: Collision Course,The Infiltrator,The Happening"
"Thomas Jane","Before I Wake,The Mist,USS Indianapolis: Men of Courage"
"Abigail Breslin","Zombieland,Little Miss Sunshine,Ender's Game,Final Girl"
"Ellen Page","Inception,Juno,To Rome with Love,Super,Into the Forest"
"Armie Hammer","The Man from U.N.C.L.E.,Mine,Free Fire,The Lone Ranger"
"Malin Akerman","Watchmen,Couples Retreat,The Heartbreak Kid,The Ticket"
"Liev Schreiber","Spotlight,X-Men Origins: Wolverine,Salt,Movie 43,Chuck"
"Selena Gomez","Spring Breakers,Hotel Transylvania 2,In Dubious Battle"
"Ice Cube","21 Jump Street,22 Jump Street,Barbershop: The Next Cut"
"Rebel Wilson","Pitch Perfect,How to Be Single,Pitch Perfect 2,Grimsby"
"Katherine Waterston","Fantastic Beasts and Where to Find Them,Inherent Vice"
"Diego Luna","Rogue One,The Bad Batch,Blood Father,The Book of Life"
"Kevin Hart","The Secret Life of Pets,Central Intelligence,Get Hard"
"Eva Mendes","The Place Beyond the Pines,The Other Guys,Ghost Rider"
"Léa Seydoux","Spectre,La vie d'Adèle,It's Only the End of the World"
"Nicolas Cage","Kick-Ass,Ghost Rider,USS Indianapolis: Men of Courage"
"Timothy Spall","Denial,Sweeney Todd: The Demon Barber of Fleet Street"
"Kathryn Hahn","Bad Moms,The Do-Over,The Secret Life of Walter Mitty"
"Kate Mara","The Martian,Morgan,Fantastic Four,127 Hours,Man Down"
"Brie Larson","Room,Free Fire,Trainwreck,21 Jump Street,The Gambler"
"Helen Mirren","Woman in Gold,Monsters University,RED,Eye in the Sky"
"Sandra Bullock","The Blind Side,Minions,The Proposal,Gravity,The Heat"
"Nat Wolff","The Fault in Our Stars,Paper Towns,In Dubious Battle"
"Christopher Mintz-Plasse","Trolls,Superbad,Kick-Ass 2,How to Train Your Dragon"
"Vincent D'Onofrio","The Magnificent Seven,Escape Plan,In Dubious Battle"
"Heath Ledger","The Dark Knight,The Imaginarium of Doctor Parnassus"
"Taron Egerton","Kingsman: The Secret Service,Legend,Eddie the Eagle"
"Jai Courtney","Divergent,Terminator Genisys,The Exception,Man Down"
"Imogen Poots","Green Room,Filth,Need for Speed,That Awkward Moment"
"Jessica Alba","Mechanic: Resurrection,Sin City: A Dame to Kill For"
"Joan Allen","The Bourne Ultimatum,Hachi: A Dog's Tale,Death Race"
"Cynthia Nixon","A Quiet Passion,Sex and the City,Sex and the City 2"
"Jaden Smith","The Pursuit of Happyness,The Karate Kid,After Earth"
"Craig Ferguson","How to Train Your Dragon,How to Train Your Dragon 2"
"Ruth Wilson","Locke,I Am the Pretty Thing That Lives in the House"
"Kristen Bell","Bad Moms,Frozen,Forgetting Sarah Marshall,The Boss"
"Bill Murray","The Jungle Book,Moonrise Kingdom,Fantastic Mr. Fox"
"Nicola Peltz","Transformers: Age of Extinction,The Last Airbender"
"Kiefer Sutherland","Twin Peaks: The Missing Pieces,Pompeii,Melancholia"
"Saoirse Ronan","The Host,Atonement,Hanna,Brooklyn,The Lovely Bones"
"Kevin McKidd","Percy Jackson & the Olympians: The Lightning Thief"
"Steve Coogan","Percy Jackson & the Olympians: The Lightning Thief"
"Freida Pinto","Rise of the Planet of the Apes,Slumdog Millionaire"
"James Marsden","The Best of Me,Enchanted,The Loft,Superman Returns"
"Robin Williams","Night at the Museum: Secret of the Tomb,Happy Feet"
"Salma Hayek","Grown Ups,Il racconto dei racconti - Tale of Tales"
"Karen Allen","Indiana Jones and the Kingdom of the Crystal Skull"
"Maika Monroe","Independence Day: Resurgence,It Follows,The Guest"
"Lena Headey","300,300: Rise of an Empire,Dredd,Zipper,The Purge"
"Kodi Smit-McPhee","Dawn of the Planet of the Apes,Let Me In,The Road"
"Garrett Hedlund","Billy Lynn's Long Halftime Walk,Pan,Tron,Unbroken"
"Robert Redford","Captain America: The Winter Soldier,Pete's Dragon"
"Alec Baldwin","Bonjour Anne,Blue Jasmine,Concussion,Rock of Ages"
"Bruce Willis","Looper,Moonrise Kingdom,Live Free or Die Hard,RED"
"Kevin James","Pixels,Grown Ups 2,Grown Ups,Hotel Transylvania 2"
"Mickey Rourke","Sin City: A Dame to Kill For,Iron Man 2,Immortals"
"Sarah Silverman","Wreck-It Ralph,Popstar: Never Stop Never Stopping"
"Seth MacFarlane","Sing,Ted 2,Ted,A Million Ways to Die in the West"
"Paul Walker","Furious Seven,Furious 6,Fast Five,Fast & Furious"
"Tom Hiddleston","Thor,Crimson Peak,Thor: The Dark World,High-Rise"
"Stanley Tucci","Transformers: Age of Extinction,The Hunger Games"
"Emma Roberts","Nerve,We're the Millers,The Blackcoat's Daughter"
"Guy Pearce","Brimstone,Iron Man Three,Lawless,The Hurt Locker"
"Jemaine Clement","The BFG,What We Do in the Shadows,Men in Black 3"
"Jason Segel","Despicable Me,Forgetting Sarah Marshall,Sex Tape"
"Ewan McGregor","The imposible,American Pastoral,The Ghost Writer"
"Dan Stevens","The Guest,A Walk Among the Tombstones,The Ticket"
"Anya Taylor-Joy","Split,The VVitch: A New-England Folktale,Morgan"
"Michael Shannon","Nocturnal Animals,Man of Steel,Midnight Special"
"Gugu Mbatha-Raw","Miss Sloane,Free State of Jones,The Whole Truth"
"Julia Roberts","Mother's Day,Money Monster,Secret in Their Eyes"
"Michael McElhatton","The Autopsy of Jane Doe,The Siege of Jadotville"
"Matt Lanter","USS Indianapolis: Men of Courage,Disaster Movie"
"Charlotte Le Bon","The Promise,Realive,Iris,Bastille Day,The Walk"
"Aubrey Plaza","Mike and Dave Need Wedding Dates,Dirty Grandpa"
"Amber Heard","The Danish Girl,Never Back Down,3 Days to Kill"
"Kaya Scodelario","The Maze Runner,Maze Runner: The Scorch Trials"
"Thomas Brodie-Sangster","The Maze Runner,Maze Runner: The Scorch Trials"
"Anika Noni Rose","Half of a Yellow Sun,The Princess and the Frog"
"Christoph Waltz","The Legend of Tarzan,Django Unchained,Spectre"
"John Gallagher Jr.","The Belko Experiment,10 Cloverfield Lane,Hush"
"Matthew Macfadyen","The Three Musketeers,Robin Hood,Anna Karenina"
"Paula Prentiss","I Am the Pretty Thing That Lives in the House"
"Blake Jenner","The Edge of Seventeen,Everybody Wants Some!!"
"Jim Broadbent","Bridget Jones's Baby,Brooklyn,Closed Circuit"
"Gwyneth Paltrow","Iron Man,Iron Man Three,Iron Man 2,Contagion"
"Jon Hamm","Keeping Up with the Joneses,Minions,The Town"
"Lucas Black","The Fast and the Furious: Tokyo Drift,Legion"
"Jessica Brown Findlay","Victor Frankenstein,This Beautiful Fantastic"
"John Corbett","The Boy Next Door,My Big Fat Greek Wedding 2"
"Katherine Heigl","Knocked Up,Life as We Know It,The Ugly Truth"
"Sienna Guillory","Resident Evil: Retribution,The Warriors Gate"
"Rose McGowan","Conan the Barbarian,Grindhouse,Planet Terror"
"Jared Leto","Suicide Squad,Dallas Buyers Club,Mr. Nobody"
"Charlie Hunnam","The Lost City of Z,Pacific Rim,Crimson Peak"
"Viggo Mortensen","Captain Fantastic,Eastern Promises,The Road"
"Emily Browning","Legend,Sucker Punch,Sleeping Beauty,Pompeii"
"Jack Reynor","Transformers: Age of Extinction,Sing Street"
"Jeffrey Wright","Casino Royale,Source Code,Lady in the Water"
"Topher Grace","Predators,Spider-Man 3,Take Me Home Tonight"
"Jessica Biel","A Kind of Murder,The Illusionist,The A-Team"
"Danny McBride","Angry Birds,Pineapple Express,Your Highness"
"Leslie Bibb","Law Abiding Citizen,The Midnight Meat Train"
"Daisy Ridley","Star Wars: Episode VII - The Force Awakens"
"John Boyega","Star Wars: Episode VII - The Force Awakens"
"Pierce Brosnan","Mamma Mia!,The Ghost Writer,I.T.,No Escape"
"Mathieu Amalric","The Grand Budapest Hotel,Quantum of Solace"
"Lia Marie Johnson","American Wrestler: The Wizard,The Thinning"
"Sean Penn","The Gunman,Gangster Squad,The Tree of Life"
"Emma Thompson","Brave,Beautiful Creatures,Saving Mr. Banks"
"Adam Driver","Silence,Paterson,Midnight Special,What If"
"Michael Cera","Superbad,Scott Pilgrim vs. the World,Juno"
"Irrfan Khan","Inferno,The Amazing Spider-Man,Life of Pi"
"Bill Paxton","Nightcrawler,Edge of Tomorrow,Mean Dreams"
"Maya Rudolph","Bridesmaids,Angry Birds,Idiocracy,Sisters"
"Paul Dano","There Will Be Blood,Looper,Swiss Army Man"
"David Harbour","The Equalizer,A Walk Among the Tombstones"
"Connor Paolo","The Stakelander,Stake Land,Friend Request"
"Laura Dern","The Fault in Our Stars,Wild,Inland Empire"
"Peter Facinelli","The Twilight Saga: Breaking Dawn - Part 2"
"David Thewlis","The Boy in the Striped Pyjamas,Regression"
"Luke Bracey","Hacksaw Ridge,The Best of Me,Point Break"
"Peter Sarsgaard","Jackie,Green Lantern,Orphan,Blue Jasmine"
"Ryan Guzman","Everybody Wants Some!!,The Boy Next Door"
"Michael B. Jordan","Creed,Fantastic Four,That Awkward Moment"
"Alex Pettyfer","Magic Mike,I Am Number Four,Endless Love"
"Byung-hun Lee","The Age of Shadows,G.I. Joe: Retaliation"
"Toby Jones","Il racconto dei racconti - Tale of Tales"
"Thomas Mann","Me and Earl and the Dying Girl,Project X"
"Alison Sudol","Fantastic Beasts and Where to Find Them"
"Karl Urban","Star Trek Beyond,Dredd,The Loft,Riddick"
"Michael Nyqvist","John Wick,Colonia,Män som hatar kvinnor"
"Annalise Basso","Captain Fantastic,Ouija: Origin of Evil"
"Jon Bernthal","The Accountant,Sicario,The Ghost Writer"
"Art Parkinson","Kubo and the Two Strings,Dracula Untold"
"Lucas Till","Monster Trucks,The Disappointments Room"
"Ed Helms","We're the Millers,The Hangover,Vacation"
"Tessa Thompson","Dear White People,Creed,War on Everyone"
"Liv Tyler","The Incredible Hulk,The Strangers,Super"
"Dick Van Dyke","Night at the Museum: Secret of the Tomb"
"Jane Levy","Don't Breathe,Monster Trucks,Evil Dead"
"Dominic Cooper","Warcraft,Need for Speed,Dracula Untold"
"Cobie Smulders","Jack Reacher: Never Go Back,Safe Haven"
"Terry Crews","Bridesmaids,Idiocracy,The Ridiculous 6"
"Michiel Huisman","The Age of Adaline,The Invitation,Wild"
"Sam Neill","Hunt for the Wilderpeople,The Daughter"
"Timothy Olyphant","I Am Number Four,Live Free or Die Hard"
"Rhona Mitra","Shooter,Underworld: Rise of the Lycans"
"Tina Fey","Whiskey Tango Foxtrot,Megamind,Sisters"
"Dave Bautista","Kickboxer: Vengeance,The Warriors Gate"
"Jean-Claude Van Damme","Kickboxer: Vengeance,The Expendables 2"
"Nathan Fillion","Percy Jackson: Sea of Monsters,Slither"
"Miles Fisher","Wolves at the Door,Final Destination 5"
"Reese Witherspoon","Sing,Devil's Knot,Wild,This Means War"
"Douglas M. Griffin","Deepwater Horizon,10 Cloverfield Lane"
"Jennifer Jason Leigh","The Hateful Eight,The Spectacular Now"
"Omar Sy","The Intouchables,Demain tout commence"
"Zachery Ty Bryan","The Fast and the Furious: Tokyo Drift"
"Shad Moss","The Fast and the Furious: Tokyo Drift"
"Damien Marzette","The Fast and the Furious: Tokyo Drift"
"Vinnie Jones","She's the Man,The Midnight Meat Train"
"Oliver Platt","Love & Other Drugs,Shut In,The Ticket"
"Jamie Campbell Bower","The Mortal Instruments: City of Bones"
"Robert Sheehan","The Mortal Instruments: City of Bones"
"Jemima West","The Mortal Instruments: City of Bones"
"Brendan Fraser","The Mummy: Tomb of the Dragon Emperor"
"David Oyelowo","A United Kingdom,Queen of Katwe,Selma"
"Logan Miller","Scouts Guide to the Zombie Apocalypse"
"Joey Morgan","Scouts Guide to the Zombie Apocalypse"
"Sarah Dumont","Scouts Guide to the Zombie Apocalypse"
"Jennifer Ehle","Fifty Shades of Grey,A Quiet Passion"
"Jim Carrey","The Bad Batch,Kick-Ass 2,True Crimes"
"Dakota Fanning","Brimstone,Coraline,American Pastoral"
"Renée Zellweger","Bridget Jones's Baby,The Whole Truth"
"Catherine Keener","Into the Wild,Trust,Captain Phillips"
"Olga Kurylenko","Oblivion,Quantum of Solace,Centurion"
"Gal Gadot","Keeping Up with the Joneses,Criminal"
"Ray Stevenson","The Three Musketeers,The Book of Eli"
"Antonio Banderas","The Expendables 3,The Skin I Live In"
"Angela Bassett","London Has Fallen,Olympus Has Fallen"
"Olivia Thirlby","Dredd,The Stanford Prison Experiment"
"Matthew Morrison","What to Expect When You're Expecting"
"J. Todd Smith","What to Expect When You're Expecting"
"Oprah Winfrey","The Princess and the Frog,The Butler"
"Dieter Laser","The Human Centipede (First Sequence)"
"Ashley C. Williams","The Human Centipede (First Sequence)"
"Ashlynn Yennie","The Human Centipede (First Sequence)"
"Akihiro Kitamura","The Human Centipede (First Sequence)"
"Forest Whitaker","Arrival,Southpaw,Taken 3,The Butler"
"Kate Hudson","Mother's Day,Fool's Gold,Bride Wars"
"Justin Theroux","The Girl on the Train,Inland Empire"
"Ken Watanabe","Inception,Godzilla,The Sea of Trees"
"Aamir Khan","Dangal,3 Idiots,PK,Taare Zameen Par"
"James Badge Dale","13 Hours,Shame,World War Z,Spectral"
"Mia Goth","A Cure for Wellness,The Survivalist"
"Hugh Grant","Cloud Atlas,Florence Foster Jenkins"
"Alice Eve","She's Out of My League,Before We Go"
"Famke Janssen","Taken,Taken 3,X-Men: The Last Stand"
"Justin Long","Tusk,Live Free or Die Hard,Lavender"
"Julia Ormond","The Curious Case of Benjamin Button"
"Ken Stott","The Hobbit: The Desolation of Smaug"
"Kevin Spacey","Moon,21,Superman Returns,Nine Lives"
"Adewale Akinnuoye-Agbaje","Pompeii,G.I. Joe: The Rise of Cobra"
"Lily Cole","The Imaginarium of Doctor Parnassus"
"Sarah Jessica Parker","Sex and the City,Sex and the City 2"
"Kim Cattrall","Sex and the City,Sex and the City 2"
"Kristin Davis","Sex and the City,Sex and the City 2"
"Evan Rachel Wood","Into the Forest,Across the Universe"
"Kenneth Branagh","Mindhorn,Jack Ryan: Shadow Recruit"
"Zoë Kravitz","Mad Max: Fury Road,Vincent N Roxxy"
"Melissa McCarthy","Ghostbusters,Spy,The Heat,The Boss"
"Ralph Ineson","The VVitch: A New-England Folktale"
"Kate Dickie","The VVitch: A New-England Folktale"
"Julian Richings","The VVitch: A New-England Folktale"
"Hayley Atwell","Captain America: The First Avenger"
"Nikolaj Coster-Waldau","Gods of Egypt,The Other Woman,Mama"
"Adrien Brody","Predators,The Grand Budapest Hotel"
"Mike Vogel","She's Out of My League,Cloverfield"
"Ed Harris","Snowpiercer,Gravity,Gone Baby Gone"
"Scott Eastwood","The Longest Ride,Texas Chainsaw 3D"
"Jason Schwartzman","Marie Antoinette,Fantastic Mr. Fox"
"Jorma Taccone","Popstar: Never Stop Never Stopping"
"Akiva Schaffer","Popstar: Never Stop Never Stopping"
"Ving Rhames","Mission: Impossible III,Piranha 3D"
"Lake Bell","The Secret Life of Pets,No Escape"
"Stephen Lang","Don't Breathe,Conan the Barbarian"
"Jason O'Mara","Wakefield,The Siege of Jadotville"
"Judy Greer","Jurassic World,Love & Other Drugs"
"Anthony Hopkins","Thor,Collide,Solace,Noah,Fracture"
"Jason Momoa","The Bad Batch,Conan the Barbarian"
"Olivia Munn","Office Christmas Party,Magic Mike"
"Kyle Gallner","Dear White People,American Sniper"
"Halle Berry","Cloud Atlas,X-Men: The Last Stand"
"Taylor Kitsch","Lone Survivor,John Carter,Savages"
"Kate Bosworth","Before I Wake,21,Superman Returns"
"Alden Ehrenreich","Hail, Caesar!,Beautiful Creatures"
"Jon Favreau","Couples Retreat,The Break-Up,Chef"
"Rob Riggle","Absolutely Anything,Let's Be Cops"
"Michelle Pfeiffer","Hairspray,Dark Shadows,The Family"
"Julianne Hough","Safe Haven,Footloose,Rock of Ages"
"Scott Glenn","The Bourne Legacy,Freedom Writers"
"Michael Ealy","Underworld Awakening,Seven Pounds"
"Wentworth Miller","The Loft,Resident Evil: Afterlife"
"Blythe Danner","The Lucky One,What's Your Number?"
"Robert Patrick","Bridge to Terabithia,Endless Love"
"Tom Holland","The Lost City of Z,The imposible"
"Eric Stonestreet","The Secret Life of Pets,The Loft"
"Iain Glen","Resident Evil: The Final Chapter"
"Shawn Roberts","Resident Evil: The Final Chapter"
"Emilia Clarke","Me Before You,Terminator Genisys"
"Adam Devine","Mike and Dave Need Wedding Dates"
"Daniel Brühl","Woman in Gold,Rush,Colonia,Burnt"
"Riz Ahmed","Nightcrawler,City of Tiny Lights"
"Clive Owen","Children of Men,Trust,Inside Man"
"Don Cheadle","Iron Man Three,Iron Man 2,Flight"
"Elijah Wood","The Last Witch Hunter,Happy Feet"
"Ansel Elgort","The Fault in Our Stars,Insurgent"
"Alan Alda","Bridge of Spies,The Longest Ride"
"Sam Rockwell","Moon,Mr. Right,Seven Psychopaths"
"Tom Sizemore","USS Indianapolis: Men of Courage"
"Francesc Albiol","Perfume: The Story of a Murderer"
"Rachel House","Moana,Hunt for the Wilderpeople"
"Jeremy Irvine","Fallen,This Beautiful Fantastic"
"Joe Alwyn","Billy Lynn's Long Halftime Walk"
"Arturo Castro","Billy Lynn's Long Halftime Walk"
"Mason Lee","Billy Lynn's Long Halftime Walk"
"Maggie Grace","The Choice,Taken,Taken 3,Faster"
"Adrian Grenier","The Devil Wears Prada,Entourage"
"Emory Cohen","Vincent N Roxxy,Brooklyn,Detour"
"Anton Yelchin","Green Room,Terminator Salvation"
"Sally Field","Lincoln,Hello, My Name Is Doris"
"Wendi McLendon-Covey","Blended,Hello, My Name Is Doris"
"Judy Davis","The Dressmaker,Marie Antoinette"
"Sam Riley","Pride and Prejudice and Zombies"
"Bella Heathcote","Pride and Prejudice and Zombies"
"Hilary Swank","P.S. I Love You,Freedom Writers"
"Jon Daly","The Secret Life of Walter Mitty"
"Barkhad Abdi","Eye in the Sky,Captain Phillips"
"Donald Sutherland","Fool's Gold,La migliore offerta"
"Emilie de Ravin","The Hills Have Eyes,Remember Me"
"Emily Mortimer","Shutter Island,Spectral,Cars 2"
"Bill Hader","Superbad,Trainwreck,Inside Out"
"Chris Isaak","Twin Peaks: The Missing Pieces"
"C.H. Evans","Twin Peaks: The Missing Pieces"
"Sandra Kinder","Twin Peaks: The Missing Pieces"
"Brenton Thwaites","Gods of Egypt,The Giver,Oculus"
"Danila Kozlovsky","Hardcore Henry,Vampire Academy"
"Arnold Schwarzenegger","Terminator Genisys,Escape Plan"
"Karin Konoval","Rise of the Planet of the Apes"
"Anna Hutchison","The Cabin in the Woods,Wrecker"
"William Hurt","The Incredible Hulk,Mr. Brooks"
"Giancarlo Esposito","Maze Runner: The Scorch Trials"
"Rupert Friend","The Boy in the Striped Pyjamas"
"Zac Mattoon O'Brien","The Boy in the Striped Pyjamas"
"Rosie Huntington-Whiteley","Transformers: Dark of the Moon"
"Jason Biggs","American Reunion,Amateur Night"
"Wes Bentley","We Are Your Friends,Final Girl"
"RJ Cyler","Me and Earl and the Dying Girl"
"Olivia Cooke","Me and Earl and the Dying Girl"
"Nathalie Baye","It's Only the End of the World"
"Steven Mackintosh","Underworld: Rise of the Lycans"
"Taraji P. Henson","Hidden Figures,The Karate Kid"
"Mahershala Ali","Moonlight,Free State of Jones"
"Melissa Leo","Prisoners,Snowden,The Fighter"
"Albert Brooks","Finding Dory,Drive,Concussion"
"Tobey Maguire","The Great Gatsby,Spider-Man 3"
"Nick Frost","Hot Fuzz,Paul,The World's End"
"Dane DeHaan","A Cure for Wellness,Ballerina"
"Alice Braga","Predators,I Am Legend,Elysium"
"Lorenza Izzo","Knock Knock,The Green Inferno"
"Aaron Burns","Knock Knock,The Green Inferno"
"Sean Bean","Jupiter Ascending,Silent Hill"
"Yoo Gong","Busanhaeng,The Age of Shadows"
"Brittany Snow","Pitch Perfect,Pitch Perfect 2"
"Thomas Haden Church","Spider-Man 3,Daddy's Home,Max"
"Jon Voight","American Wrestler: The Wizard"
"Toni Collette","Imperium,Little Miss Sunshine"
"Djimon Hounsou","Never Back Down,Blood Diamond"
"Sarah Roemer","Hachi: A Dog's Tale,Disturbia"
"Patricia Clarkson","Friends with Benefits,One Day"
"John Turturro","You Don't Mess with the Zohan"
"Emmanuelle Chriqui","You Don't Mess with the Zohan"
"Nick Swardson","You Don't Mess with the Zohan"
"Jeff Goldblum","Independence Day: Resurgence"
"Bill Pullman","Independence Day: Resurgence"
"Adèle Exarchopoulos","The Last Face,La vie d'Adèle"
"Matt Bomer","The Nice Guys,Magic Mike XXL"
"Aoi Yuki","Kimi no na wa,Koe no katachi"
"Will Poulter","The Revenant,The Maze Runner"
"Carey Mulligan","The Great Gatsby,Drive,Shame"
"Reiko Aylesworth","Aliens vs Predator - Requiem"
"Steven Pasquale","Aliens vs Predator - Requiem"
"Shareeka Epps","Aliens vs Predator - Requiem"
"John Ortiz","Aliens vs Predator - Requiem"
"Joaquin Phoenix","Her,Inherent Vice,The Master"
"Rose Leslie","Morgan,The Last Witch Hunter"
"Matthew Goode","The Imitation Game,Self/less"
"Vanessa Hudgens","Spring Breakers,Sucker Punch"
"Martin Henderson","Everest,Miracles from Heaven"
"Ewen Leslie","Sleeping Beauty,The Daughter"
"Noel Fisher","Teenage Mutant Ninja Turtles"
"Haley Lu Richardson","Split,The Edge of Seventeen"
"Dominic West","300,Money Monster,Centurion"
"Kieran Culkin","Scott Pilgrim vs. the World"
"Alison Pill","Scott Pilgrim vs. the World"
"Aldis Hodge","Jack Reacher: Never Go Back"
"Robert Knepper","Jack Reacher: Never Go Back"
"Glenn Close","The Girl with All the Gifts"
"Dominique Tipper","The Girl with All the Gifts"
"Paddy Considine","The Girl with All the Gifts"
"Isla Fisher","Keeping Up with the Joneses"
"Daniel Day-Lewis","There Will Be Blood,Lincoln"
"Adam Brody","Jennifer's Body,Yoga Hosers"
"Ellie Kendrick","Whisky Galore,The Levelling"
"Dianna Agron","I Am Number Four,The Family"
"Robin Wright","Moneyball,Adoration,Beowulf"
"Morgan Lily","He's Just Not That Into You"
"Trenton Rogers","He's Just Not That Into You"
"Selma Blair","Hellboy II: The Golden Army"
"Doug Jones","Hellboy II: The Golden Army"
"John Alexander","Hellboy II: The Golden Army"
"Kang-ho Song","The Host,The Age of Shadows"
"Jasper Newell","We Need to Talk About Kevin"
"Audrey Tautou","The Da Vinci Code,L'odyssée"
"Boyd Holbrook","A Walk Among the Tombstones"
"Marlon Wayans","G.I. Joe: The Rise of Cobra"
"Sebastian Stan","Captain America: Civil War"
"Mélanie Laurent","Inglourious Basterds,Enemy"
"Christina Hendricks","The Neon Demon,Dark Places"
"Craig Van Hook","The Place Beyond the Pines"
"Jacob Tremblay","Room,Before I Wake,Shut In"
"Brooklyn Decker","Battleship,Just Go with It"
"Nick Damici","The Stakelander,Stake Land"
"Johnny Simmons","Jennifer's Body,Transpecos"
"Mary Steenburgen","Step Brothers,The Proposal"
"Ray Winstone","Point Break,Zipper,Beowulf"
"Dan Byrd","Easy A,The Hills Have Eyes"
"Susan Sarandon","Enchanted,The Lovely Bones"
"Tony Shalhoub","Pain & Gain,The Assignment"
"Aryana Engineer","Resident Evil: Retribution"
"Craig Robinson","Zack and Miri Make a Porno"
"Gerry Bednob","Zack and Miri Make a Porno"
"Aiden Longworth","The 9th Life of Louis Drax"
"Jordan Carlos","Sleeping with Other People"
"Margarita Levieva","Sleeping with Other People"
"Nia Vardalos","My Big Fat Greek Wedding 2"
"Michael Constantine","My Big Fat Greek Wedding 2"
"Lainie Kazan","My Big Fat Greek Wedding 2"
"Logan Marshall-Green","Prometheus,The Invitation"
"Greta Gerwig","Jackie,20th Century Women"
"Diane Lane","Bonjour Anne,Man of Steel"
"Ray Romano","Ice Age: Collision Course"
"Denis Leary","Ice Age: Collision Course"
"Chris Wedge","Ice Age: Collision Course"
"Marton Csokas","The Equalizer,True Crimes"
"Alia Shawkat","Green Room,Paint It Black"
"Taika Waititi","What We Do in the Shadows"
"Cori Gonzalez-Macuer","What We Do in the Shadows"
"Jonny Brugh","What We Do in the Shadows"
"Julian Dennison","Hunt for the Wilderpeople"
"Rima Te Wiata","Hunt for the Wilderpeople"
"Lizzy Caplan","Cloverfield,The Interview"
"Lisa Kudrow","P.S. I Love You,Neighbors"
"Patrick Dempsey","Enchanted,Freedom Writers"
"Malcolm Sinclair","The Man Who Knew Infinity"
"Raghuvir Joshi","The Man Who Knew Infinity"
"Keith David","The Princess and the Frog"
"Bruno Campos","The Princess and the Frog"
"Joe Anderson","Horns,Across the Universe"
"Linda Cardellini","The Founder,Daddy's Home"
"Ty Simpkins","Jurassic World,Insidious"
"Florence Clery","The Light Between Oceans"
"Mel Raido","The Disappointments Room"
"Duncan Joiner","The Disappointments Room"
"F. Murray Abraham","The Grand Budapest Hotel"
"Danny Huston","X-Men Origins: Wolverine"
"Jordana Brewster","Fast Five,Fast & Furious"
"Tom Prior","The Theory of Everything"
"Sophie Perry","The Theory of Everything"
"Lin Shaye","The Black Room,Insidious"
"Gretchen Mol","The Headhunter's Calling"
"Frank Grillo","The Purge: Election Year"
"Elizabeth Mitchell","The Purge: Election Year"
"Mykelti Williamson","The Purge: Election Year"
"Joseph Julian Soria","The Purge: Election Year"
"Marilyn Manson","Let Me Make You a Martyr"
"Mark Boone Junior","Let Me Make You a Martyr"
"Sam Quartin","Let Me Make You a Martyr"
"Niko Nicotera","Let Me Make You a Martyr"
"Cam Gigandet","Pandorum,Never Back Down"
"Mike Birbiglia","Don't Think Twice,Tramps"
"Luke Evans","Dracula Untold,High-Rise"
"James Frecheville","Adoration,The First Time"
"Matthias Schoenaerts","The Drop,A Bigger Splash"
"Brian Howe","The Pursuit of Happyness"
"Kiernan Shipka","The Blackcoat's Daughter"
"Lauren Holly","The Blackcoat's Daughter"
"Christopher Evan Welch","Vicky Cristina Barcelona"
"Regina Hall","Barbershop: The Next Cut"
"Anthony Anderson","Barbershop: The Next Cut"
"Eve","Barbershop: The Next Cut"
"Kim Coates","Resident Evil: Afterlife"
"Octavia Spencer","Hidden Figures,The Help"
"Louis C.K.","The Secret Life of Pets"
"Prabhas","Bahubali: The Beginning"
"Rana Daggubati","Bahubali: The Beginning"
"Anushka Shetty","Bahubali: The Beginning"
"Tamannaah Bhatia","Bahubali: The Beginning"
"Brittany Blanton","Don't Fuck in the Woods"
"Ayse Howard","Don't Fuck in the Woods"
"Roman Jossart","Don't Fuck in the Woods"
"Nadia White","Don't Fuck in the Woods"
"Brian Cox","The Autopsy of Jane Doe"
"Ophelia Lovibond","The Autopsy of Jane Doe"
"Toby Kebbell","A Monster Calls,Ben-Hur"
"Elizabeth Debicki","The Man from U.N.C.L.E."
"Mark Rylance","The BFG,Bridge of Spies"
"Justin Bartha","White Girl,The Hangover"
"Rene Russo","Nightcrawler,The Intern"
"Richard Madden","Cinderella,Bastille Day"
"Barry Ward","Realive,The Survivalist"
"Thomas Lennon","Monster Trucks,17 Again"
"Riley Keough","American Honey,Lovesong"
"Jacki Weaver","Silver Linings Playbook"
"Simon Helberg","Florence Foster Jenkins"
"Keegan-Michael Key","Keanu,Don't Think Twice"
"David Spade","Grown Ups 2,The Do-Over"
"Sarita Choudhury","A Hologram for the King"
"Alexander Black","A Hologram for the King"
"Erin Moriarty","Blood Father,Crawlspace"
"Ronnie Gene Blevins","The Neighbor,Crawlspace"
"Max Greenfield","Hello, My Name Is Doris"
"Tyne Daly","Hello, My Name Is Doris"
"Brooke Shields","The Midnight Meat Train"
"Tobias Menzies","Underworld: Blood Wars"
"Lara Pulver","Underworld: Blood Wars"
"Dave Franco","Nerve,Now You See Me 2"
"Marcia Gay Harden","Into the Wild,The Mist"
"O'Shea Jackson Jr.","Straight Outta Compton"
"Corey Hawkins","Straight Outta Compton"
"Jason Mitchell","Straight Outta Compton"
"Neil Brown Jr.","Straight Outta Compton"
"Tyler Hoechlin","Everybody Wants Some!!"
"Zoë Bell","Death Proof,Grindhouse"
"Kristen Connolly","The Cabin in the Woods"
"Fran Kranz","The Cabin in the Woods"
"Jae Head","The Blind Side,Hancock"
"Luke Treadaway","A Street Cat Named Bob"
"Bob the Cat","A Street Cat Named Bob"
"Ruta Gedmintas","A Street Cat Named Bob"
"Joanne Froggatt","A Street Cat Named Bob"
"Oona Laurence","Pete's Dragon,Southpaw"
"Rhys Ifans","The Amazing Spider-Man"
"Sullivan Stapleton","300: Rise of an Empire"
"Hans Matheson","300: Rise of an Empire"
"Jennifer Lopez","The Boy Next Door,Home"
"Jack O'Connell","Money Monster,Unbroken"
"Ricardo Darín","El secreto de sus ojos"
"Soledad Villamil","El secreto de sus ojos"
"Pablo Rago","El secreto de sus ojos"
"Carla Quevedo","El secreto de sus ojos"
"Robert Hoffman","Step Up 2: The Streets"
"Briana Evigan","Step Up 2: The Streets"
"Cassie Ventura","Step Up 2: The Streets"
"Adam G. Sevani","Step Up 2: The Streets"
"Essie Davis","Mindhorn,The Babadook"
"Lucas Hedges","Manchester by the Sea"
"Kyra Sedgwick","The Edge of Seventeen"
"Golshifteh Farahani","Paterson,Body of Lies"
"Jena Malone","Sucker Punch,Lovesong"
"Ólafur Darri Ólafsson","The Last Witch Hunter"
"Chris Rock","Grown Ups 2,Grown Ups"
"Mireille Enos","World War Z,If I Stay"
"Alex Karpovsky","Folk Hero & Funny Guy"
"Wyatt Russell","Folk Hero & Funny Guy"
"Meredith Hagner","Folk Hero & Funny Guy"
"Melanie Lynskey","Folk Hero & Funny Guy"
"Jessica Lucas","Cloverfield,Evil Dead"
"Bruce Greenwood","Spectral,Endless Love"
"Ewa Fröling","Män som hatar kvinnor"
"Lena Endre","Män som hatar kvinnor"
"Matt Vael","The Rise of the Krays"
"Simon Cotton","The Rise of the Krays"
"Kevin Leslie","The Rise of the Krays"
"Olivia Moyles","The Rise of the Krays"
"Michael Pitt","I Origins,Funny Games"
"Maggie Q","Live Free or Die Hard"
"Lisa Thoreson","The Adjustment Bureau"
"Florence Kastriner","The Adjustment Bureau"
"Jenna Elfman","Friends with Benefits"
"Elizabeth Reaser","Ouija: Origin of Evil"
"Lulu Wilson","Ouija: Origin of Evil"
"Henry Thomas","Ouija: Origin of Evil"
"Max Minghella","Horns,Into the Forest"
"Adrianne Palicki","G.I. Joe: Retaliation"
"Laurence Fishburne","Passengers,Predators"
"Eloise Mumford","Fifty Shades of Grey"
"Eli Roth","Inglourious Basterds"
"Rory J. Saper","The Legend of Tarzan"
"Christian Stevens","The Legend of Tarzan"
"Tony Goldwyn","The Belko Experiment"
"Adria Arjona","The Belko Experiment"
"John C. McGinley","The Belko Experiment"
"Scott Adkins","Boyka: Undisputed IV"
"Teodora Duhovnikova","Boyka: Undisputed IV"
"Alon Aboutboul","Boyka: Undisputed IV"
"Julian Vergov","Boyka: Undisputed IV"
"Carla Gugino","Watchmen,San Andreas"
"David Denman","13 Hours,After Earth"
"Gemma Jones","Bridget Jones's Baby"
"Sally Phillips","Bridget Jones's Baby"
"Danielle Nicolet","Central Intelligence"
"Terrence Howard","Iron Man,August Rush"
"Jeff Daniels","Allegiant,Steve Jobs"
"Kevin Bacon","X: First Class,Super"
"Stacy Martin","Nymphomaniac: Vol. I"
"Clémence Poésy","Demain tout commence"
"Antoine Bertrand","Demain tout commence"
"Ashley Walters","Demain tout commence"
"Liana Liberato","The Best of Me,Trust"
"Julia Stiles","The Bourne Ultimatum"
"Laurie Holden","Silent Hill,The Mist"
"John Cusack","2012,1408,The Butler"
"Giuseppe Battiston","Perfetti sconosciuti"
"Anna Foglietta","Perfetti sconosciuti"
"Marco Giallini","Perfetti sconosciuti"
"Edoardo Leo","Perfetti sconosciuti"
"Geoffrey Arend","(500) Days of Summer"
"Amanda Bynes","Easy A,She's the Man"
"Joseph Mawle","Half of a Yellow Sun"
"Greg Kinnear","Little Miss Sunshine"
"Alain Moussi","Kickboxer: Vengeance"
"Gina Carano","Kickboxer: Vengeance"
"Paul Sidhu","2307: Winter's Dream"
"Branden Coles","2307: Winter's Dream"
"Arielle Holmes","2307: Winter's Dream"
"Kelcey Watson","2307: Winter's Dream"
"India Eisley","Underworld Awakening"
"Stephen Rea","Underworld Awakening"
"Ellen Burstyn","The Fountain,Custody"
"Aidan Turner","The Secret Scripture"
"Moon Bloodgood","Terminator Salvation"
"Rolf Lassgård","En man som heter Ove"
"Bahar Pars","En man som heter Ove"
"Filip Berg","En man som heter Ove"
"Ida Engvoll","En man som heter Ove"
"Justin Chatwin","Dragonball Evolution"
"James Marsters","Dragonball Evolution"
"Yun-Fat Chow","Dragonball Evolution"
"Emmy Rossum","Dragonball Evolution"
"David Morse","Concussion,Disturbia"
"AnnaSophia Robb","Bridge to Terabithia"
"Sarah Butler","I Spit on Your Grave"
"Jeff Branson","I Spit on Your Grave"
"Andrew Howard","I Spit on Your Grave"
"Daniel Franzese","I Spit on Your Grave"
"Kylie Rogers","Miracles from Heaven"
"Brighton Sharbino","Miracles from Heaven"
"Dean Norris","Secret in Their Eyes"
"Michael Stuhlbarg","Arrival,Miss Sloane"
"Karl Glusman","The Neon Demon,Love"
"Billy Burke","Twilight,Lights Out"
"Jason Isaacs","A Cure for Wellness"
"Ivo Nandi","A Cure for Wellness"
"Lewis Black","Inside Out,Rock Dog"
"Ana de Armas","Knock Knock,Exposed"
"Martin Stringer","There Will Be Blood"
"Saurabh Shukla","Slumdog Millionaire"
"Anil Kapoor","Slumdog Millionaire"
"Sanjeev Bhaskar","Absolutely Anything"
"Billy Crystal","Monsters University"
"Steve Buscemi","Monsters University"
"Gabriella Wilde","Carrie,Endless Love"
"Ulrich Mühe","The Lives of Others"
"Martina Gedeck","The Lives of Others"
"Sebastian Koch","The Lives of Others"
"Ulrich Tukur","The Lives of Others"
"Colm Meaney","Law Abiding Citizen"
"Billie Piper","City of Tiny Lights"
"James Floyd","City of Tiny Lights"
"Cush Jumbo","City of Tiny Lights"
"Billy Magnussen","Birth of the Dragon"
"Terry Chen","Birth of the Dragon"
"Teresa Navarro","Birth of the Dragon"
"Vanessa Ross","Birth of the Dragon"
"Jason Flemyng","Clash of the Titans"
"Alice Englert","Beautiful Creatures"
"Robbie Amell","The DUFF,Nine Lives"
"Cary-Hiroyuki Tagawa","Hachi: A Dog's Tale"
"Emily Ratajkowski","We Are Your Friends"
"Jonny Weston","We Are Your Friends"
"Gaspard Schlatter","Ma vie de Courgette"
"Sixtine Murat","Ma vie de Courgette"
"Paulin Jaccoud","Ma vie de Courgette"
"Michel Vuillermoz","Ma vie de Courgette"
"Ashton Kutcher","No Strings Attached"
"Kevin Kline","No Strings Attached"
"Cary Elwes","No Strings Attached"
"Sally Hawkins","Maudie,Blue Jasmine"
"Sylvia Hoeks","La migliore offerta"
"Ted Levine","The Hills Have Eyes"
"Kathleen Quinlan","The Hills Have Eyes"
"Ari Graynor","What's Your Number?"
"Nick Robinson","The Kings of Summer"
"Moises Arias","The Kings of Summer"
"Josh Hartnett","Lucky Number Slevin"
"Lucy Liu","Lucky Number Slevin"
"Dana Fuchs","Across the Universe"
"Nicholas D'Agosto","Final Destination 5"
"Emma Bell","Final Destination 5"
"Arlen Escarpeta","Final Destination 5"
"Demián Bichir","Lowriders,The Heat"
"Josh Gad","Frozen,Angry Birds"
"Evangeline Lilly","Ant-Man,Real Steel"
"Allen Leech","The Imitation Game"
"Laurent Lucas","Raw (II),L'odyssée"
"Kerry Bishé","Rupture,The Ticket"
"Amy Poehler","Inside Out,Sisters"
"Luke Wilson","Rock Dog,Idiocracy"
"Annette Bening","20th Century Women"
"John Hurt","Hercules,Immortals"
"Kathy Baker","The Age of Adaline"
"Christopher Fitzgerald","Revolutionary Road"
"Jonathan Roumie","Revolutionary Road"
"Tracy Letts","Imperium,Christine"
"Jodie Foster","Elysium,Inside Man"
"James Ransone","Sinister,Mr. Right"
"Noah Ringer","The Last Airbender"
"Jackson Rathbone","The Last Airbender"
"Ji-min Han","The Age of Shadows"
"Robert Duvall","The Judge,The Road"
"Jerry Stiller","The Heartbreak Kid"
"Brian White","Only for One Night"
"Karrueche Tran","Only for One Night"
"Angelique Pereira","Only for One Night"
"Jessica Vanessa DeLeon","Only for One Night"
"Katie Cassidy","Wolves at the Door"
"Elizabeth Henstridge","Wolves at the Door"
"Adam Campbell","Wolves at the Door"
"Josh Lucas","Life as We Know It"
"Alexis Clagett","Life as We Know It"
"William Atherton","The Girl Next Door"
"Blythe Auffarth","The Girl Next Door"
"Blanche Baker","The Girl Next Door"
"Kevin Chamberlin","The Girl Next Door"
"Dakota Blue Richards","The Golden Compass"
"Ben Walker","The Golden Compass"
"Elena Anaya","The Skin I Live In"
"Jan Cornet","The Skin I Live In"
"Marisa Paredes","The Skin I Live In"
"Christina Applegate","Bad Moms,Vacation"
"James DuMont","Deepwater Horizon"
"George MacKay","Captain Fantastic"
"Samantha Isler","Captain Fantastic"
"Walton Goggins","The Hateful Eight"
"Kit Harington","Brimstone,Pompeii"
"Clifton Collins Jr.","Hacker,Transpecos"
"Olivia Colman","The Lobster,Locke"
"Michael Chiklis","Rupture,Eagle Eye"
"Tyler James Williams","Dear White People"
"Teyonah Parris","Dear White People"
"Olivia Wilde","In Time,Rush,Tron"
"Kathy Bates","Midnight in Paris"
"Kurt Fuller","Midnight in Paris"
"Michael Parks","Tusk,Blood Father"
"Ariel Levy","The Green Inferno"
"Kirby Bliss Blanton","The Green Inferno"
"Peter Riegert","American Pastoral"
"Richard Dreyfuss","Zipper,Piranha 3D"
"Gillian Jacobs","Don't Think Twice"
"Chris Gethard","Don't Think Twice"
"Kristin Chenoweth","The Boy Next Door"
"Analeigh Tipton","Viral,Warm Bodies"
"Chloë Sevigny","Love & Friendship"
"Emma Greenwell","Love & Friendship"
"Derek Jacobi","The King's Speech"
"Jean Reno","The Da Vinci Code"
"Taissa Farmiga","Rules Don't Apply"
"Steve Tom","Rules Don't Apply"
"Christopher Walken","Seven Psychopaths"
"Woody Allen","To Rome with Love"
"Nadine Velazquez","Crawlspace,Flight"
"Mark Chao","The Warriors Gate"
"Ni Ni","The Warriors Gate"
"Julianna Margulies","Snakes on a Plane"
"Nathan Phillips","Snakes on a Plane"
"Rachel Blanchard","Snakes on a Plane"
"Randy Couture","The Expendables 2"
"Tania Raymonde","Texas Chainsaw 3D"
"Trey Songz","Texas Chainsaw 3D"
"Lars Eidinger","Personal Shopper"
"Sigrid Bouaziz","Personal Shopper"
"Anders Danielsen Lie","Personal Shopper"
"Michael Kenneth Williams","12 Years a Slave"
"Kerry Washington","Django Unchained"
"Adrian Martinez","White Girl,Focus"
"Graham Skipper","Beyond the Gates"
"Chase Williamson","Beyond the Gates"
"Brea Grant","Beyond the Gates"
"Barbara Crampton","Beyond the Gates"
"Elizabeth Olsen","Old Boy,Godzilla"
"Chadwick Boseman","Gods of Egypt,42"
"Vincent Kartheiser","A Kind of Murder"
"François Cluzet","The Intouchables"
"Anne Le Ny","The Intouchables"
"Audrey Fleurot","The Intouchables"
"Jenna Dewan Tatum","Step Up,10 Years"
"David Strathairn","Lincoln,Fracture"
"Maggie Gyllenhaal","White House Down"
"Rip Torn","Marie Antoinette"
"Jared Gilman","Moonrise Kingdom"
"Kara Hayward","Moonrise Kingdom"
"Jane Fonda","Youth,The Butler"
"Olivia Williams","The Ghost Writer"
"Amber Perkins","Megan Is Missing"
"Rachel Quinn","Megan Is Missing"
"Dean Waite","Megan Is Missing"
"Jael Elizabeth Steinmeyer","Megan Is Missing"
"Alyson Hannigan","American Reunion"
"Seann William Scott","American Reunion"
"Chris Klein","American Reunion"
"Darío Grandinetti","Relatos salvajes"
"María Marull","Relatos salvajes"
"Mónica Villa","Relatos salvajes"
"Rita Cortese","Relatos salvajes"
"Jorge Garcia","The Ridiculous 6"
"Pierre Niney","Frantz,L'odyssée"
"Armin Mueller-Stahl","Eastern Promises"
"Josef Altin","Eastern Promises"
"Joel Kinnaman","Child 44,RoboCop"
"Wesley Elder","The Matchbreaker"
"Christina Grimmie","The Matchbreaker"
"Osric Chau","The Matchbreaker"
"Olan Rogers","The Matchbreaker"
"Billy Bob Thornton","Faster,The Judge"
"Barkhad Abdirahman","Captain Phillips"
"Tom Felton","A United Kingdom"
"Annie Rose Buckley","Saving Mr. Banks"
"Hunter McCracken","The Tree of Life"
"Michael Mantell","Ocean's Thirteen"
"Brandon Routh","Superman Returns"
"Ryoko Seta","The Sea of Trees"
"Darsheel Safary","Taare Zameen Par"
"Tanay Chheda","Taare Zameen Par"
"Sachet Engineer","Taare Zameen Par"
"Fiona Gordon","Paris pieds nus"
"Dominique Abel","Paris pieds nus"
"Emmanuelle Riva","Paris pieds nus"
"Pierre Richard","Paris pieds nus"
"Lewis MacDougall","A Monster Calls"
"Neel Sethi","The Jungle Book"
"Benicio Del Toro","Sicario,Savages"
"Madison Wolfe","The Conjuring 2"
"Frances O'Connor","The Conjuring 2"
"Erika Linder","Below Her Mouth"
"Natalie Krill","Below Her Mouth"
"Sebastian Pigott","Below Her Mouth"
"Mayko Nguyen","Below Her Mouth"
"Ashley Benson","Spring Breakers"
"Rachel Korine","Spring Breakers"
"Ivana Baquero","Pan's Labyrinth"
"Ariadna Gil","Pan's Labyrinth"
"Sergi López","Pan's Labyrinth"
"Maribel Verdú","Pan's Labyrinth"
"Rihanna","Battleship,Home"
"Colin Hanks","The House Bunny"
"Kat Dennings","The House Bunny"
"Laura Abramsen","The Stakelander"
"A.C. Peterson","The Stakelander"
"Cole Konis","American Sniper"
"Peter Dinklage","Pixels,The Boss"
"Lauren Birkell","The Babysitters"
"Paul Borghese","The Babysitters"
"Chira Cassel","The Babysitters"
"Anthony Cirillo","The Babysitters"
"Tom Costello","Eddie the Eagle"
"Jo Hartley","Eddie the Eagle"
"Duncan Duff","A Quiet Passion"
"Keith Carradine","A Quiet Passion"
"Harry Connick Jr.","P.S. I Love You"
"Dave Johns","I, Daniel Blake"
"Hayley Squires","I, Daniel Blake"
"Sharon Percy","I, Daniel Blake"
"Briana Shann","I, Daniel Blake"
"Martin McCann","The Survivalist"
"Andrew Simpson","The Survivalist"
"Dolph Lundgren","The Expendables"
"Kate Upton","The Other Woman"
"Frank Langella","All Good Things"
"Lily Rabe","All Good Things"
"Sean Faris","Never Back Down"
"Steve Wiebe","Horrible Bosses"
"Jared Padalecki","Friday the 13th"
"Amanda Righetti","Friday the 13th"
"Derek Mears","Friday the 13th"
"Danielle Panabaker","Friday the 13th"
"Rachael Blake","Sleeping Beauty"
"Bridgette Barrett","Sleeping Beauty"
"Lucy Fry","Vampire Academy"
"Gabriel Byrne","Vampire Academy"
"Brian Geraghty","The Hurt Locker"
"Emmanuel Garijo","La tortue rouge"
"Tom Hudson","La tortue rouge"
"Baptiste Goy","La tortue rouge"
"Axel Devillers","La tortue rouge"
"Rufus Sewell","The Illusionist"
"Benjamin Bratt","Despicable Me 2"
"Miranda Cosgrove","Despicable Me 2"
"Kristin Scott Thomas","Suite Française"
"Eric Godon","Suite Française"
"Josh Wiggins","Mean Dreams,Max"
"Imelda Staunton","Freedom Writers"
"Amara Miller","The Descendants"
"Nick Krause","The Descendants"
"Callum Keith Rennie","Into the Forest"
"Lauren German","Hostel: Part II"
"Heather Matarazzo","Hostel: Part II"
"Bijou Phillips","Hostel: Part II"
"Roger Bart","Hostel: Part II"
"Tian Jing","The Great Wall"
"Andy Lau","The Great Wall"
"Janelle Monáe","Hidden Figures"
"Emma Booth","Hounds of Love"
"Ashleigh Cummings","Hounds of Love"
"Stephen Curry","Hounds of Love"
"Susie Porter","Hounds of Love"
"Benedict Wong","Doctor Strange"
"Tony Revolori","Lowriders,Dope"
"Annabelle Wallis","Mine,Annabelle"
"Jeff Kahn","Tropic Thunder"
"Barry Pepper","Monster Trucks"
"Sasha Lane","American Honey"
"McCaul Lombardi","American Honey"
"Common","Now You See Me"
"Quinton Aaron","The Blind Side"
"Tim McGraw","The Blind Side"
"Salim Kechiouche","La vie d'Adèle"
"Aurélien Recoing","La vie d'Adèle"
"Antonia Ribero","Swiss Army Man"
"Natasha Henstridge","The Black Room"
"Lukas Hassel","The Black Room"
"Dominique Swain","The Black Room"
"Emayatzy Corinealdi","The Invitation"
"Tammy Blanchard","The Invitation"
"John Doman","Blue Valentine"
"Faith Wladyka","Blue Valentine"
"Sarah Snook","Predestination"
"Noah Taylor","Predestination"
"Madeleine West","Predestination"
"Derek Jeter","The Other Guys"
"Nancy Kwan","Paint It Black"
"Annabelle Attanasio","Paint It Black"
"Jeremy McWilliams","Under the Skin"
"Lynsey Taylor Mackay","Under the Skin"
"Dougie McConnell","Under the Skin"
"Joe Manganiello","Magic Mike XXL"
"Adam Rodriguez","Magic Mike XXL"
"Alycia Debnam-Carey","Friend Request"
"William Moseley","Friend Request"
"Brit Morgan","Friend Request"
"Scott Mescudi","Need for Speed"
"Jack McBrayer","Wreck-It Ralph"
"Jane Lynch","Wreck-It Ralph"
"Katey Sagal","Bleed for This"
"Giovanni Ribisi","Gangster Squad"
"Fionn O'Shea","Handsome Devil"
"Nicholas Galitzine","Handsome Devil"
"Moe Dunford","Handsome Devil"
"Christian Stolte","Public Enemies"
"Victoria Justice","The First Time"
"Jackie Chan","The Karate Kid"
"Wenwen Han","The Karate Kid"
"Aasif Mandvi","The Internship"
"Brian Dennehy","Knight of Cups"
"Usher Raymond","Hands of Stone"
"Rubén Blades","Hands of Stone"
"Katee Sackhoff","Oculus,Riddick"
"Til Schweiger","This Means War"
"Anthony LaPaglia","The Assignment"
"Mandy Gonzalez","Man on a Ledge"
"Carmen Electra","Disaster Movie"
"Vanessa Lachey","Disaster Movie"
"Nicole Parker","Disaster Movie"
"Miyu Irino","Koe no katachi"
"Saori Hayami","Koe no katachi"
"Kenshô Ono","Koe no katachi"
"Robert Carlyle","28 Weeks Later"
"Harold Perrineau","28 Weeks Later"
"Bree Turner","The Ugly Truth"
"Eric Winter","The Ugly Truth"
"Samantha Robinson","The Love Witch"
"Jeffrey Vincent Parise","The Love Witch"
"Laura Waddell","The Love Witch"
"Gian Keys","The Love Witch"
"Connie Nielsen","3 Days to Kill"
"Madina Nalwanga","Queen of Katwe"
"Lupita Nyong'o","Queen of Katwe"
"Martin Kabanza","Queen of Katwe"
"Alistair Abell","Sausage Party"
"Daniel Zovatto","Don't Breathe"
"Janet McTeer","Me Before You"
"Charles Dance","Me Before You"
"Chris Messina","Live by Night"
"Angourie Rice","The Nice Guys"
"Ryûnosuke Kamiki","Kimi no na wa"
"Mone Kamishiraishi","Kimi no na wa"
"Ryô Narita","Kimi no na wa"
"Katie Holmes","Woman in Gold"
"Peter Stormare","Rupture,Clown"
"Ron Livingston","The Conjuring"
"Lili Taylor","The Conjuring"
"Anna Camp","Pitch Perfect"
"Loïs van Wijk","The Exception"
"Annabeth Gish","Before I Wake"
"Oakes Fegley","Pete's Dragon"
"Rodrigo Santoro","Ben-Hur,Focus"
"Will Yun Lee","The Wolverine"
"Tao Okamoto","The Wolverine"
"Rila Fukushima","The Wolverine"
"Tim Pigott-Smith","Whisky Galore"
"Naomi Battrick","Whisky Galore"
"James Cosmo","Whisky Galore"
"Russell Brand","Despicable Me"
"Julie Andrews","Despicable Me"
"Isabelle Huppert","Elle,L'avenir"
"Oaklee Pendergast","The imposible"
"Ashlyn Sanchez","The Happening"
"Matthew Fox","Bone Tomahawk"
"Laura Ramsey","She's the Man"
"John Hawkes","Winter's Bone"
"Garret Dillahunt","Winter's Bone"
"Isaiah Stone","Winter's Bone"
"Randall Park","The Interview"
"David Troughton","The Levelling"
"Jack Holden","The Levelling"
"Joe Blakemore","The Levelling"
"Kagiso Kuypers","Blood Diamond"
"Scott Speedman","The Strangers"
"Gemma Ward","The Strangers"
"Alex Fisher","The Strangers"
"Taylor Schilling","The Lucky One"
"Riley Thomas Stewart","The Lucky One"
"Freddy Rodríguez","Planet Terror"
"Marley Shelton","Planet Terror"
"Karolina Gruszka","Inland Empire"
"Janet Montgomery","Amateur Night"
"Ashley Tisdale","Amateur Night"
"Bria L. Murphy","Amateur Night"
"Jake Johnson","Let's Be Cops"
"Damon Wayans Jr.","Let's Be Cops"
"Nina Dobrev","Let's Be Cops"
"Rasmus Hardiker","Your Highness"
"Corey Stoll","Gold,Ant-Man"
"Mackenzie Foy","Interstellar"
"Kate McKinnon","Ghostbusters"
"Leslie Jones","Ghostbusters"
"Jack Nicholson","The Departed"
"Mario Casas","Contratiempo"
"Ana Wagener","Contratiempo"
"José Coronado","Contratiempo"
"Bárbara Lennie","Contratiempo"
"Danny DeVito","The Comedian"
"Edie Falco","The Comedian"
"Ellen DeGeneres","Finding Dory"
"Ed O'Neill","Finding Dory"
"Kaitlin Olson","Finding Dory"
"Óscar Jaenada","The Shallows"
"Angelo Josue Lozano Corzo","The Shallows"
"Brett Cullen","The Shallows"
"Hugh Laurie","Tomorrowland"
"Raffey Cassidy","Tomorrowland"
"Arnaud Viard","Bonjour Anne"
"Linda Gegusch","Bonjour Anne"
"Noah Wiseman","The Babadook"
"Daniel Henshall","The Babadook"
"Hayley McElhinney","The Babadook"
"Matthew Zuk","The 5th Wave"
"Gabriela Lopez","The 5th Wave"
"Bailey Anne Borders","The 5th Wave"
"Florence Pugh","Lady Macbeth"
"Christopher Fairbank","Lady Macbeth"
"Cosmo Jarvis","Lady Macbeth"
"Naomi Ackie","Lady Macbeth"
"Logan Paul","The Thinning"
"Peyton List","The Thinning"
"Calum Worthy","The Thinning"
"Craig T. Nelson","The Proposal"
"Werner Herzog","Jack Reacher"
"Joey Lauren Adams","The Break-Up"
"Mel Gibson","Blood Father"
"Sandra Hüller","Toni Erdmann"
"Peter Simonischek","Toni Erdmann"
"Michael Wittenborn","Toni Erdmann"
"Thomas Loibl","Toni Erdmann"
"Kelly Reilly","Bastille Day"
"Bokeem Woodbine","Total Recall"
"Nicholas Hope","The Daughter"
"Alessandro Nivola","Devil's Knot"
"James Hamrick","Devil's Knot"
"Alia Bhatt","Dear Zindagi"
"Shah Rukh Khan","Dear Zindagi"
"Kunal Kapoor","Dear Zindagi"
"Priyanka Moodley","Dear Zindagi"
"Josh Stewart","The Neighbor"
"Bill Engvall","The Neighbor"
"Alex Essoe","The Neighbor"
"Tatiana Pauhofová","Lída Baarová"
"Karl Markovics","Lída Baarová"
"Gedeon Burkhard","Lída Baarová"
"Simona Stasová","Lída Baarová"
"Sean Patrick Thomas","The Fountain"
"Emma Fitzpatrick","Before We Go"
"John Cullum","Before We Go"
"Antonio Tarver","Rocky Balboa"
"Milo Ventimiglia","Rocky Balboa"
"Burt Young","Rocky Balboa"
"America Ferrera","End of Watch"
"Diego Boneta","Rock of Ages"
"Adam Pally","Search Party"
"Thomas Middleditch","Search Party"
"Shannon Woodward","Search Party"
"John Carroll Lynch","The Founder"
"Daniel Giménez Cacho","The Promise"
"Rinko Kikuchi","Pacific Rim"
"Colton Haynes","San Andreas"
"Mark Huberman","A Dark Song"
"Susan Loughnane","A Dark Song"
"Steve Oram","A Dark Song"
"Catherine Walker","A Dark Song"
"Larry the Cable Guy","Cars,Cars 2"
"Jessica Barden","The Lobster"
"Ferdia Walsh-Peelo","Sing Street"
"Aidan Gillen","Sing Street"
"Maria Doyle Kennedy","Sing Street"
"Vanessa Ferlito","Death Proof"
"Ross Kimball","Masterminds"
"Ben Barnes","Seventh Son"
"Lynn Collins","John Carter"
"Samantha Morton","John Carter"
"Srdjan 'Zika' Todorovic","Srpski film"
"Sergej Trifunovic","Srpski film"
"Jelena Gavrilovic","Srpski film"
"Slobodan Bestic","Srpski film"
"Daniella Kertesz","World War Z"
"Radha Mitchell","Silent Hill"
"Deborah Kara Unger","Silent Hill"
"Brad Garrett","Ratatouille"
"Lou Romano","Ratatouille"
"Patton Oswalt","Ratatouille"
"Ian Holm","Ratatouille"
"Charlie Tahan","I Am Legend"
"Salli Richardson-Whitfield","I Am Legend"
"Albert Finney","A Good Year"
"Kati Outinen","True Crimes"
"Sam Elliott","Ghost Rider"
"Matt Long","Ghost Rider"
"Clint Eastwood","Gran Torino"
"Bee Vang","Gran Torino"
"Christopher Carley","Gran Torino"
"Ahney Her","Gran Torino"
"50 Cent","Escape Plan"
"Christian Cooke","Love, Rosie"
"Jaime Winstone","Love, Rosie"
"Tim Allen","Toy Story 3"
"Joan Cusack","Toy Story 3"
"Ned Beatty","Toy Story 3"
"Brady Corbet","Funny Games"
"James Allen McCune","Blair Witch"
"Callie Hernandez","Blair Witch"
"Corbin Reid","Blair Witch"
"Brandon Scott","Blair Witch"
"Freddie Highmore","August Rush"
"Jonathan Rhys Meyers","August Rush"
"Cara Delevingne","Paper Towns"
"Austin Abrams","Paper Towns"
"Justice Smith","Paper Towns"
"Maddy Curley","Chalk It Up"
"John DeLuca","Chalk It Up"
"Nikki SooHoo","Chalk It Up"
"Drew Seeley","Chalk It Up"
"Jeremy Davies","Rescue Dawn"
"Zach Grenier","Rescue Dawn"
"Lily-Rose Depp","Yoga Hosers"
"Harley Quinn Smith","Yoga Hosers"
"Jessica Lange","The Gambler"
"Alexis Dziena","Fool's Gold"
"Adrian Titieni","Bacalaureat"
"Maria-Victoria Dragus","Bacalaureat"
"Lia Bugnar","Bacalaureat"
"Malina Manovici","Bacalaureat"
"Ethan Suplee","Unstoppable"
"Sophie Nélisse","Mean Dreams"
"Joe Cobden","Mean Dreams"
"Adam Levine","Begin Again"
"Caitlyn Rund","Remember Me"
"Moisés Acevedo","Remember Me"
"Tijuana Ricks","Indignation"
"Sue Dahlman","Indignation"
"John Malkovich","Warm Bodies"
"Hiroki Hasegawa","Shin Gojira"
"Yutaka Takenouchi","Shin Gojira"
"Satomi Ishihara","Shin Gojira"
"Ren Ôsugi","Shin Gojira"
"Sophie Okonedo","After Earth"
"Rosemarie DeWitt","La La Land"
"Jocelin Donahue","Dead Awake"
"Jesse Bradford","Dead Awake"
"Jesse Borrego","Dead Awake"
"Lori Petty","Dead Awake"
"Eve Lindley","All We Had"
"Richard Kind","All We Had"
"Mark Consuelos","All We Had"
"Katherine Reis","All We Had"
"Sonoya Mizuno","Ex Machina"
"Morgan Saylor","White Girl"
"Brian Marc","White Girl"
"Taraneh Alidoosti","Forushande"
"Shahab Hosseini","Forushande"
"Babak Karimi","Forushande"
"Farid Sajjadi Hosseini","Forushande"
"Amy Schumer","Trainwreck"
"Colin Quinn","Trainwreck"
"Keir Gilchrist","It Follows"
"Olivia Luccardi","It Follows"
"Lili Sepe","It Follows"
"Lesley Manville","Maleficent"
"Gerardo Taracena","Apocalypto"
"Raoul Max Trujillo","Apocalypto"
"Dalia Hernández","Apocalypto"
"Rudy Youngblood","Apocalypto"
"Mindy Kaling","Inside Out"
"Christos Stergioglou","Kynodontas"
"Michele Valley","Kynodontas"
"Angeliki Papoulia","Kynodontas"
"Hristos Passalis","Kynodontas"
"Gabriel Bateman","Lights Out"
"Winona Ryder","Black Swan"
"Soo-an Kim","Busanhaeng"
"Yu-mi Jung","Busanhaeng"
"Dong-seok Ma","Busanhaeng"
"Benjamin Walker","The Choice"
"Lydia Wilson","About Time"
"Max von Sydow","Robin Hood"
"Jasmine Trinca","The Gunman"
"Ryan Potter","Big Hero 6"
"Scott Adsit","Big Hero 6"
"Jamie Chung","Big Hero 6"
"Chris Cooper","Demolition"
"Judah Lewis","Demolition"
"Odeya Rush","Goosebumps"
"Ryan Lee","Goosebumps"
"David James","District 9"
"Jason Cope","District 9"
"Nathalie Boltt","District 9"
"David Lyons","Safe Haven"
"Kelly McGillis","Stake Land"
"Gregory Jones","Stake Land"
"Sarah Polley","Mr. Nobody"
"Linh Dan Pham","Mr. Nobody"
"Brian Caspe","Anthropoid"
"Karel Hermánek Jr.","Anthropoid"
"Anders Holm","The Intern"
"Storm Acheche Sahlstrøm","Antichrist"
"Lyndsy Fonseca","The Escort"
"Michael Doneger","The Escort"
"Tommy Dewey","The Escort"
"Bruce Campbell","The Escort"
"Heather Sossaman","Unfriended"
"Matthew Bohrer","Unfriended"
"Courtney Halverson","Unfriended"
"Shelley Hennig","Unfriended"
"Dale Dickey","Regression"
"Suraj Sharma","Life of Pi"
"Adil Hussain","Life of Pi"
"Tabu","Life of Pi"
"Brittany Murphy","Happy Feet"
"Eddie Murphy","Mr. Church"
"Natascha McElhone","Mr. Church"
"Logan Huffman","Final Girl"
"Alexander Ludwig","Final Girl"
"Demi Moore","Mr. Brooks"
"Dane Cook","Mr. Brooks"
"John D'Leo","The Family"
"Michael Vartan","Crawlspace"
"Danny Trejo","Grindhouse"
"Colm Feore","Changeling"
"Gattlin Griffith","Changeling"
"Elisabeth Shue","Piranha 3D"
"Jerry O'Connell","Piranha 3D"
"Dylan Duffus","The Intent"
"Scorcher","The Intent"
"Shone Romulus","The Intent"
"Jade Asha","The Intent"
"Maude Apatow","This Is 40"
"Iris Apatow","This Is 40"
"Dakota Goyo","Real Steel"
"Candice Bergen","Bride Wars"
"Bryan Greenberg","Bride Wars"
"Jesse Plemons","The Master"
"Gabriel Luna","Transpecos"
"David Acord","Transpecos"
"Garrett Clayton","King Cobra"
"Christian Slater","King Cobra"
"Molly Ringwald","King Cobra"
"James Kelley","King Cobra"
"Cheryl Hines","Nine Lives"
"Alan Tudyk","Rogue One"
"Donnie Yen","Rogue One"
"John Francis Daley","5- 25- 77"
"Austin Pendleton","5- 25- 77"
"Colleen Camp","5- 25- 77"
"Neil Flynn","5- 25- 77"
"Shariff Earp","Moonlight"
"Duan Sanderson","Moonlight"
"Alex R. Hibbert","Moonlight"
"Gabriel Chavarria","Lowriders"
"Theo Rossi","Lowriders"
"Alfie Allen","John Wick"
"Beverly D'Angelo","Wakefield"
"Neil Patrick Harris","Gone Girl"
"Carice van Houten","Brimstone"
"Leonard Nimoy","Star Trek"
"Min-hee Kim","Ah-ga-ssi"
"Jung-woo Ha","Ah-ga-ssi"
"Jin-woong Jo","Ah-ga-ssi"
"So-ri Moon","Ah-ga-ssi"
"Carly Rae Jepsen","Ballerina"
"Maddie Ziegler","Ballerina"
"Olivia DeJonge","The Visit"
"Deanna Dunagan","The Visit"
"Peter McRobbie","The Visit"
"Alexi Pappas","Tracktown"
"Chase Offerle","Tracktown"
"Rachel Dratch","Tracktown"
"Andy Buckley","Tracktown"
"Brenda Blethyn","Atonement"
"Taylor Swift","The Giver"
"John Travolta","Hairspray"
"Queen Latifah","Hairspray"
"Nikki Blonsky","Hairspray"
"Anna Friel","Limitless"
"Dax Shepard","Idiocracy"
"Shiloh Fernandez","Evil Dead"
"Lou Taylor Pucci","Evil Dead"
"Stephen Dorff","Immortals"
"Cara Buono","Let Me In"
"Steven Yeun","I Origins"
"Astrid Bergès-Frisbey","I Origins"
"Brit Marling","I Origins"
"Shea Adams","Australia"
"Eddie Baroo","Australia"
"Lubna Azabal","Incendies"
"Mélissa Désormeaux-Poulin","Incendies"
"Maxim Gaudette","Incendies"
"Mustafa Kamel","Incendies"
"Kevin Connolly","Entourage"
"Jerry Ferrara","Entourage"
"Kevin Dillon","Entourage"
"Sheila Kelley","The Guest"
"Joel David Moore","The Guest"
"Elizabeth Berrington","In Bruges"
"Max Burkholder","The Purge"
"Adelaide Kane","The Purge"
"Natalie Martinez","Self/less"
"Ben Winchell","Max Steel"
"Josh Brener","Max Steel"
"Andy Garcia","Max Steel"
"Munro Chambers","Turbo Kid"
"Laurence Leboeuf","Turbo Kid"
"Michael Ironside","Turbo Kid"
"Edwin Wright","Turbo Kid"
"Amber Tamblyn","127 Hours"
"Sean Bott","127 Hours"
"Ward Horton","Annabelle"
"Alfre Woodard","Annabelle"
"Tony Amendola","Annabelle"
"Michael C. Hall","Christine"
"Maria Dizzia","Christine"
"Su Elliot","Jane Eyre"
"Emily Baldoni","Coherence"
"Maury Sterling","Coherence"
"Nicholas Brendon","Coherence"
"Elizabeth Gracen","Coherence"
"Jamal Woolard","Notorious"
"Derek Luke","Notorious"
"Momo Dione","Notorious"
"Andreas Wisniewski","Centurion"
"Chatchawai Kamonsakpitak","No Escape"
"Nicholas Braun","Good Kids"
"Mateo Arias","Good Kids"
"Israel Broussard","Good Kids"
"Kenny Wormald","Footloose"
"Andie MacDowell","Footloose"
"Jamie Blackley","If I Stay"
"Joshua Leonard","If I Stay"
"Lambert Wilson","L'odyssée"
"Carrie-Anne Moss","Disturbia"
"Oliver Cooper","Project X"
"Jonathan Daniel Brown","Project X"
"Dax Flame","Project X"
"Julian Barratt","Mindhorn"
"Austin Stowell","Colossal"
"Tim Blake Nelson","Colossal"
"Tangie Ambrose","Why Him?"
"Cedric the Entertainer","Why Him?"
"Morena Baccarin","Deadpool"
"Ed Skrein","Deadpool"
"Ginnifer Goodwin","Zootopia"
"Jenny Slate","Zootopia"
"Travis Fimmel","Warcraft"
"Steve Lantz","War Dogs"
"Gregg Weiner","War Dogs"
"Aaron Poole","The Void"
"Kenneth Welsh","The Void"
"Daniel Fathers","The Void"
"Kathleen Munroe","The Void"
"Melissa Benoist","Whiplash"
"Paul Reiser","Whiplash"
"Jackie Earle Haley","Watchmen"
"Sarah Clarke","Twilight"
"John Krasinski","13 Hours"
"Pablo Schreiber","13 Hours"
"Garance Marillier","Raw (II)"
"Ella Rumpf","Raw (II)"
"Rabah Nait Oufella","Raw (II)"
"Nellie","Paterson"
"Rizwan Manji","Paterson"
"Garrett M. Brown","Kick-Ass"
"Max Irons","The Host"
"Jake Abel","The Host"
"Eddie Izzard","Rock Dog"
"Joseph Fiennes","Hercules"
"Jessie Ok Gray","Lovesong"
"Cary Joji Fukunaga","Lovesong"
"Wei Tang","Blackhat"
"Leehom Wang","Blackhat"
"Charlie Cox","Stardust"
"Claire Danes","Stardust"
"Skyler Gisondo","Vacation"
"Steele Stebbins","Vacation"
"Madhavan","3 Idiots"
"Mona Singh","3 Idiots"
"Sharman Joshi","3 Idiots"
"Teri Hatcher","Coraline"
"John Hodgman","Coraline"
"Jennifer Saunders","Coraline"
"Antje Traue","Pandorum"
"T.I.","Get Hard"
"Sam Trammell","Imperium"
"Stephen Merchant","Movie 43"
"Max Martini","Spectral"
"Allison Tolman","The Gift"
"Juliet Rylance","Sinister"
"Fred Dalton Thompson","Sinister"
"Rob Corddry","Sex Tape"
"Ellie Kemper","Sex Tape"
"Miyavi","Unbroken"
"James Gandolfini","The Drop"
"Hee-Bong Byun","The Host"
"Hae-il Park","The Host"
"Doona Bae","The Host"
"Dan Crisafulli","Tall Men"
"Kay Whitney","Tall Men"
"Richard Garcia","Tall Men"
"Pat Cashman","Tall Men"
"Michael McDonald","The Heat"
"André Marcon","L'avenir"
"Roman Kolinka","L'avenir"
"Edith Scob","L'avenir"
"Andre Braugher","The Mist"
"Mae Whitman","The DUFF"
"Bella Thorne","The DUFF"
"Allison Janney","The DUFF"
"Ella Anderson","The Boss"
"Dermot Mulroney","Lavender"
"Diego Klattenhoff","Lavender"
"Isabel Lucas","Red Dawn"
"Josh Peck","Red Dawn"
"Lee Pace","The Fall"
"Catinca Untaru","The Fall"
"Justine Waddell","The Fall"
"Kim Uylenbroek","The Fall"
"Matthew Perry","17 Again"
"Gabourey Sidibe","Precious"
"Mo'Nique","Precious"
"Mariah Carey","Precious"
"Melissa George","Triangle"
"Joshua McIvor","Triangle"
"Jack Taylor","Triangle"
"Michael Dorman","Triangle"
"Guillaume Baillargeon","The Walk"
"Émilie Leclerc","The Walk"
"Neve Campbell","Scream 4"
"Courteney Cox","Scream 4"
"David Arquette","Scream 4"
"Lucy Hale","Scream 4"
"Tadanobu Asano","Silence"
"Ruby Barnhill","The BFG"
"Penelope Wilton","The BFG"
"Michael Douglas","Ant-Man"
"Tom Hughes","Realive"
"Oona Chaplin","Realive"
"Nick Nolte","Warrior"
"Jennifer Morrison","Warrior"
"Sarah Hyland","Satanic"
"Steven Krueger","Satanic"
"Justin Chon","Satanic"
"Clara Mamet","Satanic"
"Naomie Harris","Skyfall"
"Damaine Radcliff","Step Up"
"De'Shawn Washington","Step Up"
"Drew Barrymore","Blended"
"Kevin Nealon","Blended"
"Nazanin Boniadi","Ben-Hur"
"Jacob Latimore","Sleight"
"Seychelle Gabriel","Sleight"
"Dulé Hill","Sleight"
"Storm Reid","Sleight"
"Ang Phula Sherpa","Everest"
"Thomas M. Wright","Everest"
"Pierre Coffin","Minions"
"Kelly Adams","Bronson"
"Luing Andrews","Bronson"
"Katy Barker","Bronson"
"Mandy Moore","Tangled"
"Zachary Levi","Tangled"
"Donna Murphy","Tangled"
"Lauren Cohan","The Boy"
"Rupert Evans","The Boy"
"James Russell","The Boy"
"Jim Norton","The Boy"
"Jack Madigan","Macbeth"
"Frank Madigan","Macbeth"
"AJ Michalka","Super 8"
"Joel Courtney","Super 8"
"Orto Ignatiussen","Gravity"
"Danny Glover","Shooter"
"Jim Caviezel","Deja Vu"
"Val Kilmer","Deja Vu"
"Richenda Carey","Colonia"
"Freddie Crowder","Grimsby"
"Tony Danza","Don Jon"
"Ellar Coltrane","Boyhood"
"Patricia Arquette","Boyhood"
"Elijah Smith","Boyhood"
"January Jones","Unknown"
"Aidan Quinn","Unknown"
"Ike Barinholtz","Sisters"
"Crispin Glover","Beowulf"
"Charlie Heaton","Shut In"
"Christopher McDonald","Exposed"
"Mira Sorvino","Exposed"
"Tom Mison","One Day"
"Zoe Kazan","What If"
"Megan Park","What If"
"Michael Rooker","Slither"
"Don Thompson","Slither"
"Jun Kunimura","Goksung"
"Jung-min Hwang","Goksung"
"Do-won Kwak","Goksung"
"Woo-hee Chun","Goksung"
"Jordi Mollà","Riddick"
"Hayden Panettiere","Custody"
"Catalina Sandino Moreno","Custody"
"Andrea Whitburn","Wrecker"
"Jennifer Koenig","Wrecker"
"Michael Dickson","Wrecker"
"Morjana Alaoui","Martyrs"
"Mylène Jampanoï","Martyrs"
"Catherine Bégin","Martyrs"
"Robert Toupin","Martyrs"
"Hermione Corfield","Fallen"
"Addison Timlin","Fallen"
"Joely Richardson","Fallen"
"Vincent Ebrahim","Allied"
"Paul Anderson","Legend"
"Sakshi Tanwar","Dangal"
"Fatima Sana Shaikh","Dangal"
"Sanya Malhotra","Dangal"
"Stephen Henderson","Fences"
"Jovan Adepo","Fences"
"Idina Menzel","Frozen"
"Jonathan Groff","Frozen"
"Michael Yare","Morgan"
"Callan McAuliffe","Hacker"
"Lorraine Nicholson","Hacker"
"Daniel Eric Gold","Hacker"
"Anthony Edwards","Zodiac"
"Katie Crown","Storks"
"Kelsey Grammer","Storks"
"Terence Stamp","Wanted"
"Portia Doubleday","Carrie"
"Mads Mikkelsen","Jagten"
"Thomas Bo Larsen","Jagten"
"Annika Wedderkopp","Jagten"
"Lasse Fogelstrøm","Jagten"
"Penn Badgley","Easy A"
"Anton Adasinsky","Viking"
"Aleksandr Armer","Viking"
"Vilen Babichev","Viking"
"Rostislav Bershauer","Viking"
"Ruth Negga","Loving"
"Will Dalton","Loving"
"Dean Mumford","Loving"
"Ben Burtt","WALL·E"
"Elissa Knight","WALL·E"
"Jeff Garlin","WALL·E"
"Fred Willard","WALL·E"
"Paula Beer","Frantz"
"Ernst Stötzner","Frantz"
"Marie Gruber","Frantz"
"Jeffrey Dean Morgan","Solace"
"Stuart Graham","Hunger"
"Laine Megaw","Hunger"
"Brian Milligan","Hunger"
"Liam McMahon","Hunger"
"Hayden Christensen","Jumper"
"Rachel Bilson","Jumper"
"Mauricio Lopez","Faster"
"Karen Gillan","Oculus"
"Rory Cochrane","Oculus"
"Larenz Tate","Deuces"
"Meagan Good","Deuces"
"Rotimi","Deuces"
"Rick Gonzalez","Deuces"
"Callum Turner","Tramps"
"Grace Van Patten","Tramps"
"Michal Vondel","Tramps"
"Isabelle Fuhrman","Orphan"
"CCH Pounder","Orphan"
"Kari Matchett","Maudie"
"Zachary Bennett","Maudie"
"Vernetta Lopez","Equals"
"Scott Lawrence","Equals"
"Bel Powley","Detour"
"Stephen Moyer","Detour"
"Paul Bettany","Legion"
"Charles S. Dutton","Legion"
"Danny Sapani","Trance"
"Jessica Sula","Split"
"Auli'i Cravalho","Moana"
"Temuera Morrison","Moana"
"Valerie Mahaffey","Sully"
"Emily Meade","Nerve"
"Miles Heizer","Nerve"
"Andy Powers","Clown"
"Laura Allen","Clown"
"Christian Distefano","Clown"
"Phylicia Rashad","Creed"
"Jordan Peele","Keanu"
"Tiffany Haddish","Keanu"
"Method Man","Keanu"
"Leland Orser","Taken"
"Lucy Walters","Shame"
"Vicky Krieps","Hanna"
"Eddie Marsan","Filth"
"Rachel Wood","Dredd"
"Isabella Rossellini","Enemy"
"Sarah Paulson","Carol"
"Harvey Keitel","Youth"
"Elisabeth Moss","Chuck"
"Kelly Macdonald","Brave"
"Billy Connolly","Brave"
"Julie Walters","Brave"
"Anne Dorval","Mommy"
"Antoine-Olivier Pilon","Mommy"
"Suzanne Clément","Mommy"
"Patrick Huard","Mommy"
"Sofia Black-D'Elia","Viral"
"Travis Tope","Viral"
"Michael Kelly","Viral"
"Riccardo Scamarcio","Burnt"
"Jessica Barth","Ted 2"
"Juno Temple","Horns"
"Gael García Bernal","Babel"
"Mohamed Akhzam","Babel"
"Julie Benz","Rambo"
"Matthew Marsden","Rambo"
"Graham McTavish","Rambo"
"Rainn Wilson","Super"
"Jahking Guillory","Kicks"
"Christopher Jordan Wallace","Kicks"
"Christopher Meyer","Kicks"
"Kofi Siriboe","Kicks"
"Quvenzhané Wallis","Annie"
"Carmen Ejogo","Selma"
"Lorraine Toussaint","Selma"
"Sunny Pawar","Lion"
"Sean Bridgers","Room"
"Wendy Crewson","Room"
"Tom Cullen","Mine"
"Clint Dyer","Mine"
"Aomi Muyock","Love"
"Klara Kristin","Love"
"Juan Saavedra","Love"
"Bonnie Hunt","Cars"
"Paul Newman","Cars"
"Romain Duris","Iris"
"Jalil Lespert","Iris"
"Camille Cottin","Iris"
"Alexandra Maria Lara","Rush"
"Kate Siegel","Hush"
"Michael Trucco","Hush"
"Samantha Sloyan","Hush"
"Laurent Lafitte","Elle"
"Anne Consigny","Elle"
"Charles Berling","Elle"
"Haley Joel Osment","Tusk"
"Genesis Rodriguez","Tusk"
"Daniel Olbrychski","Salt"
"Amanda Peet","2012"
"Alan Arkin","Argo"
"Min-sik Choi","Lucy"
"Amr Waked","Lucy"
"Bruce Boxleitner","Tron"
"Dominique McElligott","Moon"
"Rosie Shaw","Moon"
"Shameik Moore","Dope"
"Kiersey Clemons","Dope"
"Kimberly Elise","Dope"
"Gaby Hoffmann","Wild"
"Mia Stallard","Paul"
"Christopher Lee","Hugo"
"Mary McCormack","1408"
"Paul Birchard","1408"
"Megan Charpentier","Mama"
"Isabelle Nélisse","Mama"
"Jason Barry","I.T."
"Karen Moskow","I.T."
"Kai Ryssdal","I.T."
"Jim Parsons","Home"
"Steve Martin","Home"
"David Wenham","300"
"Dominic Monaghan","Pet"
"Ksenia Solo","Pet"
"Jennette McCurdy","Pet"
"Da'Vone McDonald","Pet"
"Levi Miller","Pan"
"Joel McHale","Ted"
"George Lopez","Rio"
"Karen Disher","Rio"
"Luke Kleintank","Max"
"Lauren Graham","Max"
"Edward Asner","Up"
"Jordan Nagai","Up"
"John Ratzenberger","Up"
"Anushka Sharma","PK"
"Sanjay Dutt","PK"
"Boman Irani","PK"
"Malcolm McDowell","31"
"Richard Brake","31"
"Jeff Daniel Phillips","31"
"Sheri Moon Zombie","31"
"T.R. Knight","42"
"Nicole Beharie","42"
"Aaron Yoo","21"
